instance_id,instance_number,method,B,S,P,init_time,phase2_time,repair_time,ls_time,total_time,phase2_obj,split_resolved_obj,post_repair_obj,post_ls_obj,num_split_bus,prop_split_bus,activity_violations_initial,risk_violations_initial,remaining_violations,ls_iterations,total_ls_improvement,successful_moves_simple,successful_moves_interchange,successful_moves_deactivate,status,error_message
inst_10_first_instance_set_medium_2000_400_30,10,relaxed,2000,400,30,310.62000012397766,7.398999929428101,1.2910001277923584,84.93500018119812,407.24000000953674,2.3884424691998884e6,2.387339e6,2.389085e6,1.752478e6,83,0.0415,0,1,0,9,636607.0,8,8,4,success,
inst_10_first_instance_set_medium_2000_400_30,10,pdisp,2000,400,30,0.037000179290771484,5.241999864578247,0.006999969482421875,39.895999908447266,45.22500014305115,2.411919844416051e6,2.415258e6,2.415899e6,1.701781e6,83,0.0415,0,2,0,6,714118.0,5,4,3,success,
inst_10_first_instance_set_medium_2000_400_30,10,multi_pdp,2000,400,30,300.8989999294281,6.359999895095825,0.016000032424926758,15.046000003814697,322.47499990463257,1.6959120699266803e6,1.695123e6,1.696243e6,1.525194e6,81,0.0405,0,1,0,4,171049.0,3,3,1,success,
inst_10_first_instance_set_medium_2000_400_30,10,multi_p_median,2000,400,30,128.35800004005432,6.390000104904175,0.008999824523925781,6.793000221252441,141.90899991989136,1.4357517842150794e6,1.434454e6,1.434454e6,1.401971e6,80,0.04,0,0,0,2,32483.0,1,1,0,success,
inst_10_first_instance_set_medium_2000_400_30,10,multi_p_median_benders,2000,400,30,68.28200006484985,5.444000005722046,0.018999814987182617,6.692000150680542,80.48199987411499,1.4543384567068908e6,1.455007e6,1.455007e6,1.419404e6,76,0.038,0,0,0,2,35603.0,1,1,0,success,
inst_11_first_instance_set_medium_2000_400_30,11,relaxed,2000,400,30,0.0,0.0,0.0,0.0,307.5639998912811,0.0,0.0,0.0,0.0,0,0.0,0,0,0,0,0.0,0,0,0,error,Result index of attribute MathOptInterface.VariablePrimal(1) out of bounds. There are currently 0 solution(s) in the model.
inst_11_first_instance_set_medium_2000_400_30,11,pdisp,2000,400,30,0.003000020980834961,7.299000024795532,0.018000125885009766,77.9449999332428,85.30399990081787,2.7878810449682088e6,2.785466e6,2.790656e6,1.654252e6,91,0.0455,0,5,0,9,1.136404e6,8,8,6,success,
inst_11_first_instance_set_medium_2000_400_30,11,multi_pdp,2000,400,30,300.4100000858307,6.33299994468689,0.018000125885009766,16.603999853134155,323.39800000190735,1.7464606004740535e6,1.747813e6,1.747813e6,1.544122e6,76,0.038,0,0,0,4,203691.0,3,3,1,success,
inst_11_first_instance_set_medium_2000_400_30,11,multi_p_median,2000,400,30,305.02300000190735,6.523000001907349,0.01900005340576172,2.740000009536743,314.34800004959106,1.455415673158764e6,1.454821e6,1.454821e6,1.435105e6,74,0.037,0,0,0,3,19716.0,2,1,0,success,
inst_11_first_instance_set_medium_2000_400_30,11,multi_p_median_benders,2000,400,30,212.231999874115,5.656000137329102,0.010999917984008789,3.078000068664551,220.99599981307983,1.455415673158764e6,1.454821e6,1.454821e6,1.435105e6,74,0.037,0,0,0,3,19716.0,2,1,0,success,
inst_12_first_instance_set_medium_2000_400_30,12,relaxed,2000,400,30,307.3900001049042,6.941999912261963,0.019999980926513672,15.865000009536743,330.25,2.7288652956719515e6,2.733724e6,2.732553e6,2.289274e6,87,0.0435,1,1,0,4,443279.0,3,3,2,success,
inst_12_first_instance_set_medium_2000_400_30,12,pdisp,2000,400,30,0.003000020980834961,5.855000019073486,0.016000032424926758,67.19599986076355,73.10199999809265,2.6703889897304648e6,2.665386e6,2.669773e6,1.711792e6,90,0.045,0,5,0,6,957981.0,5,5,3,success,
inst_12_first_instance_set_medium_2000_400_30,12,multi_pdp,2000,400,30,300.3440001010895,6.768999814987183,0.003999948501586914,19.473999977111816,326.63899993896484,1.7113159917526788e6,1.711159e6,1.711159e6,1.534431e6,84,0.042,0,0,0,4,176728.0,3,3,2,success,
inst_12_first_instance_set_medium_2000_400_30,12,multi_p_median,2000,400,30,146.4170000553131,6.438999891281128,0.013000011444091797,5.50600004196167,158.385999917984,1.468540351297435e6,1.468918e6,1.468918e6,1.425732e6,81,0.0405,0,0,0,3,43186.0,2,2,0,success,
inst_12_first_instance_set_medium_2000_400_30,12,multi_p_median_benders,2000,400,30,300.07999992370605,6.0329999923706055,0.009000062942504883,5.5290000438690186,311.6779999732971,1.468540351297435e6,1.468918e6,1.468918e6,1.425732e6,81,0.0405,0,0,0,3,43186.0,2,2,0,success,
inst_13_first_instance_set_medium_2000_400_30,13,relaxed,2000,400,30,308.67900013923645,6.6549999713897705,0.007999897003173828,15.236000061035156,330.62400007247925,2.1428749268451775e6,2.141914e6,2.141914e6,1.704084e6,79,0.0395,0,0,0,4,437830.0,3,3,2,success,
inst_13_first_instance_set_medium_2000_400_30,13,pdisp,2000,400,30,0.003999948501586914,5.50600004196167,0.010999917984008789,53.09599995613098,58.65400004386902,2.711300045170765e6,2.705576e6,2.708953e6,1.708641e6,84,0.042,0,3,0,6,1.000312e6,5,5,3,success,
inst_13_first_instance_set_medium_2000_400_30,13,multi_pdp,2000,400,30,300.2850000858307,6.66700005531311,0.01699995994567871,19.700999975204468,326.6930000782013,1.8555720929306098e6,1.855691e6,1.856208e6,1.561601e6,77,0.0385,0,1,0,4,294607.0,3,3,2,success,
inst_13_first_instance_set_medium_2000_400_30,13,multi_p_median,2000,400,30,72.43500018119812,6.264999866485596,0.005000114440917969,4.5329999923706055,83.58599996566772,1.4248611361845115e6,1.424659e6,1.424659e6,1.400436e6,74,0.037,0,0,0,2,24223.0,1,1,0,success,
inst_13_first_instance_set_medium_2000_400_30,13,multi_p_median_benders,2000,400,30,104.59000015258789,5.7200000286102295,0.017999887466430664,5.273000001907349,115.64300012588501,1.4237567245925611e6,1.424171e6,1.424171e6,1.400581e6,76,0.038,0,0,0,3,23590.0,2,1,0,success,
inst_14_first_instance_set_medium_2000_400_30,14,relaxed,2000,400,30,308.19199991226196,7.020999908447266,0.006000041961669922,18.081000089645386,333.34999990463257,2.7145664514963143e6,2.708202e6,2.71113e6,2.27735e6,87,0.0435,0,2,0,5,433780.0,4,4,2,success,
inst_14_first_instance_set_medium_2000_400_30,14,pdisp,2000,400,30,0.003000020980834961,5.360000133514404,0.014999866485595703,30.539000034332275,35.943000078201294,2.683186227180154e6,2.683611e6,2.685935e6,1.660568e6,85,0.0425,0,2,0,4,1.025367e6,3,3,2,success,
inst_14_first_instance_set_medium_2000_400_30,14,multi_pdp,2000,400,30,300.2960000038147,6.941999912261963,0.023999929428100586,11.385999917984009,318.66799998283386,1.765226119584454e6,1.76438e6,1.766142e6,1.630841e6,78,0.039,0,1,0,4,135301.0,3,3,1,success,
inst_14_first_instance_set_medium_2000_400_30,14,multi_p_median,2000,400,30,305.77699995040894,6.699000120162964,0.03299999237060547,3.805000066757202,316.34800004959106,1.4700565935535799e6,1.469189e6,1.469837e6,1.438521e6,74,0.037,0,1,0,2,31316.0,1,1,0,success,
inst_14_first_instance_set_medium_2000_400_30,14,multi_p_median_benders,2000,400,30,214.22199988365173,5.891999959945679,0.01900005340576172,3.950000047683716,224.11299991607666,1.4425664188580154e6,1.441824e6,1.442472e6,1.415629e6,77,0.0385,0,1,0,2,26843.0,1,1,0,success,
inst_15_first_instance_set_medium_2000_400_30,15,relaxed,2000,400,30,307.4470000267029,7.003000020980835,0.003999948501586914,55.77499985694885,370.2720000743866,2.788369064100182e6,2.793625e6,2.792042e6,2.22775e6,86,0.043,0,1,0,4,564292.0,3,3,2,success,
inst_15_first_instance_set_medium_2000_400_30,15,pdisp,2000,400,30,0.002000093460083008,5.486000061035156,0.037999868392944336,37.538999795913696,43.110000133514404,2.9439013156670746e6,2.944984e6,2.95277e6,2.081398e6,88,0.044,2,4,0,6,871372.0,5,4,3,success,
inst_15_first_instance_set_medium_2000_400_30,15,multi_pdp,2000,400,30,300.4390001296997,6.628999948501587,0.017999887466430664,24.926999807357788,332.07400012016296,1.838961220646902e6,1.834637e6,1.83483e6,1.498911e6,76,0.038,0,1,0,5,335919.0,4,4,2,success,
inst_15_first_instance_set_medium_2000_400_30,15,multi_p_median,2000,400,30,259.55000019073486,6.309000015258789,0.018000125885009766,4.961000204086304,270.8910000324249,1.434753861705077e6,1.43446e6,1.43497e6,1.412051e6,78,0.039,0,1,0,3,22919.0,2,2,0,success,
inst_15_first_instance_set_medium_2000_400_30,15,multi_p_median_benders,2000,400,30,152.00400018692017,5.849999904632568,0.01900005340576172,4.63100004196167,162.53400015830994,1.434753861705077e6,1.43446e6,1.43497e6,1.412051e6,78,0.039,0,1,0,3,22919.0,2,2,0,success,
inst_16_first_instance_set_medium_2000_400_30,16,relaxed,2000,400,30,307.9869999885559,7.003000020980835,0.01699995994567871,12.08899998664856,327.13899993896484,2.637352386976269e6,2.632326e6,2.637516e6,2.392484e6,85,0.0425,0,4,0,5,245032.0,4,3,1,success,
inst_16_first_instance_set_medium_2000_400_30,16,pdisp,2000,400,30,0.0019998550415039062,5.074000120162964,0.010999917984008789,49.46500015258789,54.57499980926514,2.787244775907439e6,2.790435e6,2.793718e6,1.938234e6,84,0.042,0,3,0,7,855484.0,6,6,4,success,
inst_16_first_instance_set_medium_2000_400_30,16,multi_pdp,2000,400,30,300.4210000038147,6.476999998092651,0.01699995994567871,16.256999969482422,323.19599986076355,1.8470700908765516e6,1.845363e6,1.846417e6,1.630226e6,83,0.0415,0,1,0,4,216191.0,3,2,1,success,
inst_16_first_instance_set_medium_2000_400_30,16,multi_p_median,2000,400,30,235.5920000076294,6.289999961853027,0.006999969482421875,7.104000091552734,249.02099990844727,1.4374609198281262e6,1.435624e6,1.436566e6,1.406116e6,77,0.0385,0,1,0,4,30450.0,3,2,0,success,
inst_16_first_instance_set_medium_2000_400_30,16,multi_p_median_benders,2000,400,30,117.11100006103516,5.690000057220459,0.020999908447265625,6.815999984741211,129.65900015830994,1.4374609198281262e6,1.435624e6,1.436566e6,1.406116e6,77,0.0385,0,1,0,4,30450.0,3,2,0,success,
inst_17_first_instance_set_medium_2000_400_30,17,relaxed,2000,400,30,307.8289999961853,7.0299999713897705,0.026000022888183594,77.71499991416931,392.63700008392334,2.5624051659364384e6,2.560825e6,2.564834e6,1.803104e6,84,0.042,0,2,0,6,761730.0,5,5,4,success,
inst_17_first_instance_set_medium_2000_400_30,17,pdisp,2000,400,30,0.0019998550415039062,5.522000074386597,0.021000146865844727,47.40399980545044,52.96799993515015,2.735892195848897e6,2.736555e6,2.736666e6,1.785861e6,84,0.042,0,2,0,5,950805.0,4,4,3,success,
inst_17_first_instance_set_medium_2000_400_30,17,multi_pdp,2000,400,30,300.404000043869,6.66700005531311,0.0070002079010009766,21.35599994659424,328.4940001964569,1.8847998821137676e6,1.883978e6,1.883978e6,1.59238e6,81,0.0405,0,0,0,4,291598.0,3,3,2,success,
inst_17_first_instance_set_medium_2000_400_30,17,multi_p_median,2000,400,30,105.36500000953674,5.915999889373779,0.004000186920166016,3.5269999504089355,114.85800004005432,1.420426879479703e6,1.420638e6,1.420638e6,1.389232e6,74,0.037,0,0,0,2,31406.0,1,1,0,success,
inst_17_first_instance_set_medium_2000_400_30,17,multi_p_median_benders,2000,400,30,173.9229998588562,5.908999919891357,0.004000186920166016,3.549999952316284,183.43899989128113,1.420426879479703e6,1.420638e6,1.420638e6,1.389232e6,74,0.037,0,0,0,2,31406.0,1,1,0,success,
inst_18_first_instance_set_medium_2000_400_30,18,relaxed,2000,400,30,0.0,0.0,0.0,0.0,308.52300000190735,0.0,0.0,0.0,0.0,0,0.0,0,0,0,0,0.0,0,0,0,error,Result index of attribute MathOptInterface.VariablePrimal(1) out of bounds. There are currently 0 solution(s) in the model.
inst_18_first_instance_set_medium_2000_400_30,18,pdisp,2000,400,30,0.0019998550415039062,6.828000068664551,0.017999887466430664,49.567999839782715,56.42799997329712,2.5715992431545244e6,2.571609e6,2.570734e6,1.556636e6,84,0.042,1,1,0,7,1.014098e6,6,5,4,success,
inst_18_first_instance_set_medium_2000_400_30,18,multi_pdp,2000,400,30,300.35000014305115,6.484999895095825,0.004999876022338867,21.54200005531311,328.4130001068115,1.7829725164928194e6,1.786161e6,1.786304e6,1.506265e6,80,0.04,0,1,0,4,280039.0,3,3,2,success,
inst_18_first_instance_set_medium_2000_400_30,18,multi_p_median,2000,400,30,62.81500005722046,6.358999967575073,0.003999948501586914,6.128999948501587,75.34899997711182,1.4325732076488934e6,1.43366e6,1.434985e6,1.403252e6,79,0.0395,0,1,0,2,31733.0,1,1,0,success,
inst_18_first_instance_set_medium_2000_400_30,18,multi_p_median_benders,2000,400,30,55.170000076293945,5.586999893188477,0.007999897003173828,7.40500020980835,68.20199990272522,1.4349275075480752e6,1.435931e6,1.437605e6,1.403951e6,78,0.039,0,2,0,3,33654.0,2,1,0,success,
inst_19_first_instance_set_medium_2000_400_30,19,relaxed,2000,400,30,308.135999917984,6.480999946594238,0.01900005340576172,45.54699993133545,360.2699999809265,3.041280630842112e6,3.039336e6,3.044754e6,2.583477e6,89,0.0445,0,5,0,5,461277.0,4,4,2,success,
inst_19_first_instance_set_medium_2000_400_30,19,pdisp,2000,400,30,0.002000093460083008,5.20199990272522,0.01699995994567871,37.086000204086304,42.33200001716614,2.5505672640523077e6,2.549688e6,2.549688e6,1.679671e6,81,0.0405,0,0,0,6,870017.0,5,5,3,success,
inst_19_first_instance_set_medium_2000_400_30,19,multi_pdp,2000,400,30,300.3179998397827,6.499000072479248,0.01699995994567871,12.272000074386597,319.1569998264313,1.7425096761590221e6,1.743816e6,1.743816e6,1.644145e6,79,0.0395,0,0,0,3,99671.0,2,2,1,success,
inst_19_first_instance_set_medium_2000_400_30,19,multi_p_median,2000,400,30,305.31500005722046,6.628999948501587,0.006000041961669922,6.069999933242798,318.05599999427795,1.4680679424446614e6,1.466148e6,1.466148e6,1.430854e6,81,0.0405,0,0,0,3,35294.0,2,2,0,success,
inst_19_first_instance_set_medium_2000_400_30,19,multi_p_median_benders,2000,400,30,232.8349997997284,5.6579999923706055,0.01900005340576172,6.091000080108643,244.62299990653992,1.4680679424446614e6,1.466148e6,1.466148e6,1.430854e6,81,0.0405,0,0,0,3,35294.0,2,2,0,success,
inst_1_first_instance_set_medium_2000_400_30,1,relaxed,2000,400,30,0.0,0.0,0.0,0.0,308.8159999847412,0.0,0.0,0.0,0.0,0,0.0,0,0,0,0,0.0,0,0,0,error,Result index of attribute MathOptInterface.VariablePrimal(1) out of bounds. There are currently 0 solution(s) in the model.
inst_1_first_instance_set_medium_2000_400_30,1,pdisp,2000,400,30,0.0019998550415039062,6.374000072479248,0.010999917984008789,50.41200017929077,56.823999881744385,2.7965164959360426e6,2.796955e6,2.802381e6,2.064569e6,85,0.0425,0,3,0,6,737812.0,5,5,3,success,
inst_1_first_instance_set_medium_2000_400_30,1,multi_pdp,2000,400,30,300.27100014686584,6.250999927520752,0.010999917984008789,21.608999967575073,328.1730000972748,1.762890201387705e6,1.762905e6,1.762905e6,1.564384e6,81,0.0405,0,0,0,5,198521.0,4,4,2,success,
inst_1_first_instance_set_medium_2000_400_30,1,multi_p_median,2000,400,30,267.29500007629395,6.447999954223633,0.009999990463256836,8.065999984741211,281.86899995803833,1.438413345937696e6,1.436489e6,1.437381e6,1.402483e6,80,0.04,1,0,0,3,34898.0,2,2,0,success,
inst_1_first_instance_set_medium_2000_400_30,1,multi_p_median_benders,2000,400,30,157.25300002098083,5.7200000286102295,0.006000041961669922,7.807000160217285,170.8140001296997,1.438413345937696e6,1.436489e6,1.437381e6,1.402483e6,80,0.04,1,0,0,3,34898.0,2,2,0,success,
inst_20_first_instance_set_medium_2000_400_30,20,relaxed,2000,400,30,307.5620000362396,6.547999858856201,0.015000104904174805,23.11400008201599,337.26900005340576,2.2251633052236694e6,2.223661e6,2.2243e6,1.821638e6,86,0.043,0,2,0,7,402662.0,6,6,3,success,
inst_20_first_instance_set_medium_2000_400_30,20,pdisp,2000,400,30,0.003000020980834961,5.130000114440918,0.01399993896484375,49.72099995613098,54.90900015830994,2.612864706140863e6,2.610039e6,2.61341e6,1.896997e6,88,0.044,0,3,0,15,716413.0,14,14,2,success,
inst_20_first_instance_set_medium_2000_400_30,20,multi_pdp,2000,400,30,300.2739999294281,6.337000131607056,0.01399993896484375,18.83399987220764,325.4930000305176,1.737691443226297e6,1.739652e6,1.739652e6,1.536139e6,82,0.041,0,0,0,5,203513.0,3,3,2,success,
inst_20_first_instance_set_medium_2000_400_30,20,multi_p_median,2000,400,30,126.00200009346008,6.260999917984009,0.010999917984008789,6.867000102996826,139.1600000858307,1.5072933545147965e6,1.50692e6,1.50692e6,1.446681e6,84,0.042,0,0,0,2,60239.0,1,1,1,success,
inst_20_first_instance_set_medium_2000_400_30,20,multi_p_median_benders,2000,400,30,136.99699997901917,5.962000131607056,0.006999969482421875,6.902000188827515,149.93600010871887,1.5072933545147965e6,1.50692e6,1.50692e6,1.446681e6,84,0.042,0,0,0,2,60239.0,1,1,1,success,
inst_21_first_instance_set_medium_2000_400_30,21,relaxed,2000,400,30,0.0,0.0,0.0,0.0,308.6229999065399,0.0,0.0,0.0,0.0,0,0.0,0,0,0,0,0.0,0,0,0,error,Result index of attribute MathOptInterface.VariablePrimal(1) out of bounds. There are currently 0 solution(s) in the model.
inst_21_first_instance_set_medium_2000_400_30,21,pdisp,2000,400,30,0.003999948501586914,7.989000082015991,0.0,56.967000007629395,64.98900008201599,2.4323639207895896e6,2.429578e6,2.431627e6,1.596077e6,85,0.0425,0,1,0,7,835550.0,6,6,4,success,
inst_21_first_instance_set_medium_2000_400_30,21,multi_pdp,2000,400,30,300.4430000782013,6.796000003814697,0.002000093460083008,23.905999898910522,331.15700006484985,1.7002298526774575e6,1.700181e6,1.700181e6,1.489052e6,78,0.039,0,0,0,5,211129.0,4,4,1,success,
inst_21_first_instance_set_medium_2000_400_30,21,multi_p_median,2000,400,30,305.2699999809265,6.914000034332275,0.01100015640258789,8.27899980545044,320.5069999694824,1.4630466076841208e6,1.463122e6,1.463122e6,1.426769e6,73,0.0365,0,0,0,3,36353.0,2,1,0,success,
inst_21_first_instance_set_medium_2000_400_30,21,multi_p_median_benders,2000,400,30,186.79800009727478,6.180999994277954,0.0,6.634000062942505,199.63299989700317,1.4667628772134949e6,1.468095e6,1.468095e6,1.428343e6,76,0.038,0,0,0,3,39752.0,2,1,0,success,
inst_22_first_instance_set_medium_2000_400_30,22,relaxed,2000,400,30,0.0,0.0,0.0,0.0,307.9140000343323,0.0,0.0,0.0,0.0,0,0.0,0,0,0,0,0.0,0,0,0,error,Result index of attribute MathOptInterface.VariablePrimal(1) out of bounds. There are currently 0 solution(s) in the model.
inst_22_first_instance_set_medium_2000_400_30,22,pdisp,2000,400,30,0.003999948501586914,6.926000118255615,0.009999990463256836,47.73099994659424,54.706000089645386,2.682651041741875e6,2.682035e6,2.68327e6,1.75815e6,85,0.0425,0,2,0,6,925120.0,5,5,2,success,
inst_22_first_instance_set_medium_2000_400_30,22,multi_pdp,2000,400,30,300.2850000858307,6.790999889373779,0.0070002079010009766,13.045000076293945,320.14800000190735,1.8098170693152726e6,1.808323e6,1.808323e6,1.62541e6,78,0.039,0,0,0,4,182913.0,3,2,1,success,
inst_22_first_instance_set_medium_2000_400_30,22,multi_p_median,2000,400,30,305.5019998550415,6.871000051498413,0.0009999275207519531,9.377000093460083,321.760999917984,1.462509300320461e6,1.460424e6,1.460424e6,1.434314e6,73,0.0365,0,0,0,3,26110.0,2,1,1,success,
inst_22_first_instance_set_medium_2000_400_30,22,multi_p_median_benders,2000,400,30,140.21399998664856,5.9040000438690186,0.003000020980834961,9.075999975204468,155.60899996757507,1.462509300320461e6,1.460424e6,1.460424e6,1.434314e6,73,0.0365,0,0,0,3,26110.0,2,1,1,success,
inst_23_first_instance_set_medium_2000_400_30,23,relaxed,2000,400,30,308.1210000514984,6.374000072479248,0.014999866485595703,61.623000144958496,376.15499997138977,2.885234440033051e6,2.884935e6,2.889517e6,2.187236e6,87,0.0435,0,2,0,5,702281.0,4,4,2,success,
inst_23_first_instance_set_medium_2000_400_30,23,pdisp,2000,400,30,0.0019998550415039062,5.481000185012817,0.01699995994567871,44.80499982833862,50.33500003814697,2.7244212088927776e6,2.713796e6,2.722211e6,1.639714e6,89,0.0445,0,6,0,5,1.082497e6,4,4,3,success,
inst_23_first_instance_set_medium_2000_400_30,23,multi_pdp,2000,400,30,300.40300011634827,6.686999797821045,0.014000177383422852,21.006999969482422,328.13300013542175,1.73388290810922e6,1.734462e6,1.734328e6,1.539811e6,79,0.0395,0,1,0,4,194517.0,3,3,2,success,
inst_23_first_instance_set_medium_2000_400_30,23,multi_p_median,2000,400,30,177.71299982070923,6.28000020980835,0.00599980354309082,3.622999906539917,187.64400005340576,1.4352823156058856e6,1.434758e6,1.435225e6,1.410756e6,82,0.041,0,1,0,2,24469.0,1,1,0,success,
inst_23_first_instance_set_medium_2000_400_30,23,multi_p_median_benders,2000,400,30,142.86899995803833,5.614000082015991,0.01699995994567871,3.3259999752044678,151.85400009155273,1.4352823156058856e6,1.434758e6,1.435225e6,1.410756e6,82,0.041,0,1,0,2,24469.0,1,1,0,success,
inst_24_first_instance_set_medium_2000_400_30,24,relaxed,2000,400,30,307.92000007629395,6.444000005722046,0.01900005340576172,16.075000047683716,330.4839999675751,2.399336368247265e6,2.402224e6,2.407196e6,1.882639e6,88,0.044,0,3,0,4,524557.0,3,3,1,success,
inst_24_first_instance_set_medium_2000_400_30,24,pdisp,2000,400,30,0.002000093460083008,5.296000003814697,0.009999990463256836,52.644999980926514,57.99600005149841,2.8796576643061386e6,2.87991e6,2.883207e6,1.620037e6,86,0.043,0,2,0,6,1.26317e6,5,5,4,success,
inst_24_first_instance_set_medium_2000_400_30,24,multi_pdp,2000,400,30,300.3100001811981,6.581999778747559,0.009000062942504883,16.161999940872192,323.09800004959106,1.8172882668482976e6,1.816722e6,1.818508e6,1.639447e6,82,0.041,0,1,0,4,179061.0,3,3,1,success,
inst_24_first_instance_set_medium_2000_400_30,24,multi_p_median,2000,400,30,305.10199999809265,6.447000026702881,0.004000186920166016,6.9070000648498535,318.4869999885559,1.4496379674300693e6,1.44955e6,1.44955e6,1.416456e6,82,0.041,0,0,0,3,33094.0,2,2,0,success,
inst_24_first_instance_set_medium_2000_400_30,24,multi_p_median_benders,2000,400,30,150.84799981117249,5.767000198364258,0.017999887466430664,6.36899995803833,163.0239999294281,1.4551344423021632e6,1.456389e6,1.456389e6,1.418824e6,82,0.041,0,0,0,3,37565.0,2,1,0,success,
inst_25_first_instance_set_medium_2000_400_30,25,relaxed,2000,400,30,307.4069998264313,6.615000009536743,0.019999980926513672,39.24300003051758,353.32599997520447,2.3474663231976875e6,2.342052e6,2.34391e6,1.886102e6,85,0.0425,0,3,0,5,457808.0,4,4,2,success,
inst_25_first_instance_set_medium_2000_400_30,25,pdisp,2000,400,30,0.002000093460083008,5.293999910354614,0.009000062942504883,58.62400007247925,63.950000047683716,2.763727300109621e6,2.762356e6,2.765662e6,1.792037e6,87,0.0435,0,3,0,9,973625.0,8,8,4,success,
inst_25_first_instance_set_medium_2000_400_30,25,multi_pdp,2000,400,30,300.279000043869,6.585999965667725,0.06800007820129395,21.88100004196167,328.84299993515015,1.836663581040684e6,1.834962e6,1.835689e6,1.529027e6,79,0.0395,0,1,0,5,306662.0,4,4,2,success,
inst_25_first_instance_set_medium_2000_400_30,25,multi_p_median,2000,400,30,108.70099997520447,6.19599986076355,0.01900005340576172,6.448999881744385,121.38899993896484,1.4835336149203742e6,1.483539e6,1.483539e6,1.439764e6,70,0.035,0,0,0,3,43775.0,2,2,1,success,
inst_25_first_instance_set_medium_2000_400_30,25,multi_p_median_benders,2000,400,30,118.71099996566772,5.455000162124634,0.003999948501586914,6.465000152587891,130.67900013923645,1.4835336149203742e6,1.483539e6,1.483539e6,1.439764e6,70,0.035,0,0,0,3,43775.0,2,2,1,success,
inst_2_first_instance_set_medium_2000_400_30,2,relaxed,2000,400,30,0.0,0.0,0.0,0.0,307.1670000553131,0.0,0.0,0.0,0.0,0,0.0,0,0,0,0,0.0,0,0,0,error,Result index of attribute MathOptInterface.VariablePrimal(1) out of bounds. There are currently 0 solution(s) in the model.
inst_2_first_instance_set_medium_2000_400_30,2,pdisp,2000,400,30,0.0019998550415039062,6.897000074386597,0.018000125885009766,28.407999992370605,35.348000049591064,2.4936288989707096e6,2.494761e6,2.495922e6,1.609188e6,84,0.042,0,1,0,5,886734.0,4,4,2,success,
inst_2_first_instance_set_medium_2000_400_30,2,multi_pdp,2000,400,30,300.28000020980835,6.182999849319458,0.005000114440917969,21.36299991607666,327.8900001049042,1.7758979276933116e6,1.776715e6,1.776715e6,1.52132e6,80,0.04,0,0,0,4,255395.0,3,3,2,success,
inst_2_first_instance_set_medium_2000_400_30,2,multi_p_median,2000,400,30,189.84899997711182,6.303999900817871,0.018000125885009766,5.257999897003174,201.47299981117249,1.4245887349075135e6,1.423593e6,1.423593e6,1.401685e6,77,0.0385,0,0,0,3,21908.0,2,2,0,success,
inst_2_first_instance_set_medium_2000_400_30,2,multi_p_median_benders,2000,400,30,138.94799995422363,5.492000102996826,0.009999990463256836,4.980999946594238,149.4630000591278,1.4245887349075135e6,1.423593e6,1.423593e6,1.401685e6,77,0.0385,0,0,0,3,21908.0,2,2,0,success,
inst_3_first_instance_set_medium_2000_400_30,3,relaxed,2000,400,30,306.95899987220764,6.690999984741211,0.006000041961669922,5.628999948501587,319.3399999141693,2.4193528478384404e6,2.421442e6,2.423989e6,2.237489e6,86,0.043,0,2,0,3,186500.0,2,2,1,success,
inst_3_first_instance_set_medium_2000_400_30,3,pdisp,2000,400,30,0.002000093460083008,5.328000068664551,0.01900005340576172,32.788999795913696,38.17400002479553,2.351382096820684e6,2.351775e6,2.351611e6,1.608518e6,87,0.0435,0,2,0,5,743093.0,4,4,2,success,
inst_3_first_instance_set_medium_2000_400_30,3,multi_pdp,2000,400,30,300.3090000152588,6.624000072479248,0.01900005340576172,18.20900011062622,325.1890001296997,1.7800532651264411e6,1.777576e6,1.780694e6,1.496208e6,83,0.0415,0,2,0,5,284486.0,4,4,2,success,
inst_3_first_instance_set_medium_2000_400_30,3,multi_p_median,2000,400,30,178.36099982261658,6.718000173568726,0.00599980354309082,4.7220001220703125,189.8309998512268,1.4301261154178872e6,1.427808e6,1.427808e6,1.405766e6,77,0.0385,0,0,0,2,22042.0,1,1,0,success,
inst_3_first_instance_set_medium_2000_400_30,3,multi_p_median_benders,2000,400,30,65.93999981880188,5.367000102996826,0.010999917984008789,4.433000087738037,75.77600002288818,1.4301261154178872e6,1.427808e6,1.427808e6,1.405766e6,77,0.0385,0,0,0,2,22042.0,1,1,0,success,
inst_4_first_instance_set_medium_2000_400_30,4,relaxed,2000,400,30,307.5199999809265,6.361000061035156,0.01900005340576172,20.758000135421753,334.6840000152588,2.50982098411513e6,2.50853e6,2.512716e6,2.007829e6,85,0.0425,0,3,0,5,504887.0,4,3,2,success,
inst_4_first_instance_set_medium_2000_400_30,4,pdisp,2000,400,30,0.0019998550415039062,5.0320000648498535,0.01399993896484375,72.15699982643127,77.23599982261658,2.6540244593887087e6,2.65172e6,2.658026e6,1.5897e6,87,0.0435,0,3,0,10,1.068326e6,9,9,5,success,
inst_4_first_instance_set_medium_2000_400_30,4,multi_pdp,2000,400,30,300.3050000667572,6.133999824523926,0.009999990463256836,15.769000053405762,322.25,1.712315025126303e6,1.712741e6,1.712741e6,1.518566e6,81,0.0405,0,0,0,4,194175.0,3,3,1,success,
inst_4_first_instance_set_medium_2000_400_30,4,multi_p_median,2000,400,30,195.55400013923645,6.536999940872192,0.006000041961669922,7.23199987411499,209.35800004005432,1.4585587600408487e6,1.457652e6,1.457652e6,1.423329e6,77,0.0385,0,0,0,3,34323.0,2,1,0,success,
inst_4_first_instance_set_medium_2000_400_30,4,multi_p_median_benders,2000,400,30,111.0220000743866,5.447000026702881,0.003999948501586914,6.916000127792358,123.43300008773804,1.4585587600408487e6,1.457652e6,1.457652e6,1.423329e6,77,0.0385,0,0,0,3,34323.0,2,1,0,success,
inst_5_first_instance_set_medium_2000_400_30,5,relaxed,2000,400,30,308.3489999771118,5.973999977111816,0.016000032424926758,62.5770001411438,376.9359998703003,2.4749535015496924e6,2.47451e6,2.476044e6,1.759741e6,86,0.043,0,1,0,6,716303.0,5,5,4,success,
inst_5_first_instance_set_medium_2000_400_30,5,pdisp,2000,400,30,0.0019998550415039062,5.329000234603882,0.015999794006347656,54.17200016975403,59.555999994277954,2.5841406528081633e6,2.578405e6,2.582391e6,1.734227e6,88,0.044,1,4,0,7,848164.0,6,6,4,success,
inst_5_first_instance_set_medium_2000_400_30,5,multi_pdp,2000,400,30,300.2939999103546,6.28600001335144,0.018000125885009766,25.878999948501587,332.52300000190735,1.7659772186099312e6,1.764849e6,1.765108e6,1.515255e6,77,0.0385,0,1,0,6,249853.0,5,4,2,success,
inst_5_first_instance_set_medium_2000_400_30,5,multi_p_median,2000,400,30,304.86100006103516,6.503999948501587,0.012000083923339844,5.190000057220459,316.6050000190735,1.494845858924558e6,1.493317e6,1.493317e6,1.451404e6,79,0.0395,0,0,0,3,41913.0,2,2,0,success,
inst_5_first_instance_set_medium_2000_400_30,5,multi_p_median_benders,2000,400,30,121.09500002861023,5.771999835968018,0.016000032424926758,6.331000089645386,133.24799990653992,1.5222952227746602e6,1.522049e6,1.522049e6,1.469892e6,81,0.0405,0,0,0,3,52157.0,1,2,1,success,
inst_6_first_instance_set_medium_2000_400_30,6,relaxed,2000,400,30,307.1109998226166,6.503000020980835,0.018000125885009766,65.09800004959106,378.77499985694885,2.436716287492774e6,2.43782e6,2.437775e6,1.772014e6,83,0.0415,0,2,0,6,665761.0,4,5,4,success,
inst_6_first_instance_set_medium_2000_400_30,6,pdisp,2000,400,30,0.002000093460083008,5.41100001335144,0.018000125885009766,84.88199996948242,90.3510000705719,2.7167689787470987e6,2.710085e6,2.713965e6,1.579319e6,88,0.044,0,4,0,11,1.134646e6,10,10,8,success,
inst_6_first_instance_set_medium_2000_400_30,6,multi_pdp,2000,400,30,300.28600001335144,6.327999830245972,0.012000083923339844,31.699000120162964,338.34699988365173,1.8233520345473678e6,1.823065e6,1.823065e6,1.526946e6,81,0.0405,0,0,0,7,296119.0,6,5,4,success,
inst_6_first_instance_set_medium_2000_400_30,6,multi_p_median,2000,400,30,207.65199995040894,6.58299994468689,0.006000041961669922,5.924999952316284,220.21399998664856,1.4780060532753e6,1.478617e6,1.479977e6,1.442844e6,82,0.041,0,1,0,2,37133.0,1,1,1,success,
inst_6_first_instance_set_medium_2000_400_30,6,multi_p_median_benders,2000,400,30,160.52400016784668,5.406999826431274,0.006999969482421875,5.931999921798706,171.90200018882751,1.4780060532753e6,1.478617e6,1.479977e6,1.442844e6,82,0.041,0,1,0,2,37133.0,1,1,1,success,
inst_7_first_instance_set_medium_2000_400_30,7,relaxed,2000,400,30,306.8470001220703,6.520999908447266,0.013000011444091797,21.727999925613403,335.1449999809265,2.4793215394455893e6,2.479018e6,2.483575e6,2.005051e6,90,0.045,0,3,0,4,478524.0,3,3,2,success,
inst_7_first_instance_set_medium_2000_400_30,7,pdisp,2000,400,30,0.0019998550415039062,5.009999990463257,0.00800013542175293,64.36199998855591,69.4210000038147,2.5329302539468035e6,2.534709e6,2.536312e6,1.609721e6,89,0.0445,0,2,0,7,926591.0,6,5,4,success,
inst_7_first_instance_set_medium_2000_400_30,7,multi_pdp,2000,400,30,300.27300000190735,6.251999855041504,0.010999917984008789,19.776000022888184,326.3329999446869,1.6920447054973063e6,1.686594e6,1.686594e6,1.50824e6,75,0.0375,0,0,0,5,178354.0,4,3,2,success,
inst_7_first_instance_set_medium_2000_400_30,7,multi_p_median,2000,400,30,304.8090000152588,6.445000171661377,0.005000114440917969,8.302000045776367,319.614000082016,1.4713983085861169e6,1.47035e6,1.47035e6,1.438923e6,82,0.041,0,0,0,3,31427.0,1,2,1,success,
inst_7_first_instance_set_medium_2000_400_30,7,multi_p_median_benders,2000,400,30,205.242999792099,5.6650002002716064,0.003999948501586914,5.49399995803833,216.45199990272522,1.4679476491585348e6,1.468298e6,1.468298e6,1.432647e6,81,0.0405,0,0,0,3,35651.0,2,1,0,success,
inst_8_first_instance_set_medium_2000_400_30,8,relaxed,2000,400,30,307.63499999046326,5.947999954223633,0.016000032424926758,34.848999977111816,348.49000000953674,2.20636227464138e6,2.206435e6,2.207823e6,1.627878e6,86,0.043,0,2,0,7,579945.0,4,6,4,success,
inst_8_first_instance_set_medium_2000_400_30,8,pdisp,2000,400,30,0.0019998550415039062,5.055000066757202,0.010999917984008789,50.86899995803833,55.96499991416931,2.7487828432610314e6,2.743337e6,2.753866e6,1.595474e6,87,0.0435,0,7,0,6,1.158392e6,5,5,4,success,
inst_8_first_instance_set_medium_2000_400_30,8,multi_pdp,2000,400,30,300.3910000324249,6.133999824523926,0.012000083923339844,19.715999841690063,326.2869999408722,1.8341539159330348e6,1.832586e6,1.832896e6,1.553414e6,84,0.042,0,1,0,5,279482.0,4,3,1,success,
inst_8_first_instance_set_medium_2000_400_30,8,multi_p_median,2000,400,30,296.63899993896484,6.50600004196167,0.004999876022338867,8.16700005531311,311.35399985313416,1.4342717819711673e6,1.43284e6,1.433507e6,1.405532e6,81,0.0405,0,1,0,3,27975.0,1,2,1,success,
inst_8_first_instance_set_medium_2000_400_30,8,multi_p_median_benders,2000,400,30,106.7590000629425,5.764999866485596,0.015000104904174805,7.897000074386597,120.47499990463257,1.4342717819711673e6,1.43284e6,1.433507e6,1.405532e6,81,0.0405,0,1,0,3,27975.0,1,2,1,success,
inst_9_first_instance_set_medium_2000_400_30,9,relaxed,2000,400,30,0.0,0.0,0.0,0.0,307.8069999217987,0.0,0.0,0.0,0.0,0,0.0,0,0,0,0,0.0,0,0,0,error,Result index of attribute MathOptInterface.VariablePrimal(1) out of bounds. There are currently 0 solution(s) in the model.
inst_9_first_instance_set_medium_2000_400_30,9,pdisp,2000,400,30,0.0019998550415039062,6.736000061035156,0.013000011444091797,64.56599998474121,71.35899996757507,2.8765040434158454e6,2.876961e6,2.883578e6,1.627289e6,89,0.0445,0,4,0,8,1.256289e6,7,7,4,success,
inst_9_first_instance_set_medium_2000_400_30,9,multi_pdp,2000,400,30,300.28599977493286,5.940000057220459,0.004999876022338867,16.41100001335144,322.6749999523163,1.7219079534110783e6,1.719654e6,1.719654e6,1.506792e6,78,0.039,0,0,0,4,212862.0,3,3,2,success,
inst_9_first_instance_set_medium_2000_400_30,9,multi_p_median,2000,400,30,304.742999792099,6.5970001220703125,0.006000041961669922,5.684000015258789,317.0629999637604,1.4563161387800812e6,1.455867e6,1.455867e6,1.418957e6,78,0.039,0,0,0,3,36910.0,2,1,0,success,
inst_9_first_instance_set_medium_2000_400_30,9,multi_p_median_benders,2000,400,30,172.22099995613098,5.771999835968018,0.013000011444091797,4.581000089645386,182.6119999885559,1.4489476429350004e6,1.446549e6,1.446549e6,1.412705e6,82,0.041,0,0,0,2,33844.0,1,1,0,success,
inst_10_first_instance_set_medium_2000_400_40,10,relaxed,2000,400,40,308.6899998188019,6.354000091552734,0.01900005340576172,20.961999893188477,336.0349998474121,1.9288399643184473e6,1.930947e6,1.932504e6,1.486004e6,115,0.0575,0,3,0,5,446500.0,4,4,1,success,
inst_10_first_instance_set_medium_2000_400_40,10,pdisp,2000,400,40,0.003000020980834961,5.165999889373779,0.01900005340576172,71.45099997520447,76.67799997329712,1.9367687392798567e6,1.938726e6,1.938782e6,1.371449e6,112,0.056,0,1,0,8,567333.0,7,7,4,success,
inst_10_first_instance_set_medium_2000_400_40,10,multi_pdp,2000,400,40,300.2760000228882,6.381999969482422,0.010999917984008789,27.901000022888184,334.61299991607666,1.4217448816373947e6,1.421705e6,1.424583e6,1.321439e6,106,0.053,3,0,0,4,103144.0,3,3,2,success,
inst_10_first_instance_set_medium_2000_400_40,10,multi_p_median,2000,400,40,101.60099983215332,6.646000146865845,0.013000011444091797,11.246999979019165,119.53900003433228,1.280338796715123e6,1.279121e6,1.279121e6,1.238068e6,107,0.0535,0,0,0,3,41053.0,2,2,1,success,
inst_10_first_instance_set_medium_2000_400_40,10,multi_p_median_benders,2000,400,40,75.56599998474121,6.013999938964844,0.007999897003173828,11.28600001335144,92.90899991989136,1.280338796715123e6,1.279121e6,1.279121e6,1.238068e6,107,0.0535,0,0,0,3,41053.0,2,2,1,success,
inst_11_first_instance_set_medium_2000_400_40,11,relaxed,2000,400,40,307.470999956131,6.5,0.017999887466430664,72.6269998550415,386.65399980545044,2.168613718486829e6,2.165539e6,2.16845e6,1.446579e6,111,0.0555,0,3,0,7,721871.0,6,6,4,success,
inst_11_first_instance_set_medium_2000_400_40,11,pdisp,2000,400,40,0.002000093460083008,5.799999952316284,0.011999845504760742,57.263999938964844,63.09400010108948,2.3360498043855666e6,2.329885e6,2.335234e6,1.35161e6,111,0.0555,0,5,0,5,983624.0,4,4,2,success,
inst_11_first_instance_set_medium_2000_400_40,11,multi_pdp,2000,400,40,300.36299991607666,6.338000059127808,0.015000104904174805,14.667999982833862,321.4140000343323,1.5172409492564579e6,1.514947e6,1.514191e6,1.372212e6,103,0.0515,0,1,0,4,141979.0,3,3,1,success,
inst_11_first_instance_set_medium_2000_400_40,11,multi_p_median,2000,400,40,105.26400017738342,5.98199987411499,0.015000104904174805,8.11899995803833,119.42200016975403,1.2991532442077082e6,1.29983e6,1.299587e6,1.270455e6,102,0.051,1,0,0,3,29132.0,2,1,0,success,
inst_11_first_instance_set_medium_2000_400_40,11,multi_p_median_benders,2000,400,40,91.91899991035461,5.927999973297119,0.020999908447265625,7.830000162124634,105.71099996566772,1.2991532442077082e6,1.29983e6,1.299587e6,1.270455e6,102,0.051,1,0,0,3,29132.0,2,1,0,success,
inst_12_first_instance_set_medium_2000_400_40,12,relaxed,2000,400,40,308.01799988746643,6.455000162124634,0.023000001907348633,74.1010000705719,388.6229999065399,1.9438062611605022e6,1.942158e6,1.945652e6,1.449682e6,114,0.057,2,2,0,7,495970.0,6,6,5,success,
inst_12_first_instance_set_medium_2000_400_40,12,pdisp,2000,400,40,0.0019998550415039062,5.163000106811523,0.00800013542175293,57.575000047683716,62.78200006484985,2.339423166352281e6,2.342089e6,2.347167e6,1.428617e6,121,0.0605,1,4,0,5,918550.0,4,4,2,success,
inst_12_first_instance_set_medium_2000_400_40,12,multi_pdp,2000,400,40,300.2880001068115,6.1570000648498535,0.014999866485595703,34.789000034332275,341.2720000743866,1.466828298478574e6,1.466968e6,1.466968e6,1.303847e6,107,0.0535,0,0,0,5,163121.0,4,4,3,success,
inst_12_first_instance_set_medium_2000_400_40,12,multi_p_median,2000,400,40,122.5770001411438,6.48199987411499,0.006000041961669922,10.94599986076355,140.0329999923706,1.2822790005111042e6,1.27928e6,1.27928e6,1.243058e6,109,0.0545,0,0,0,3,36222.0,2,2,0,success,
inst_12_first_instance_set_medium_2000_400_40,12,multi_p_median_benders,2000,400,40,83.55599999427795,6.108999967575073,0.007999897003173828,11.007999897003174,100.71599984169006,1.2822790005111042e6,1.27928e6,1.27928e6,1.243058e6,109,0.0545,0,0,0,3,36222.0,2,2,0,success,
inst_13_first_instance_set_medium_2000_400_40,13,relaxed,2000,400,40,307.2460000514984,7.33299994468689,0.037000179290771484,71.88399982452393,386.5160000324249,1.8988756101342065e6,1.894913e6,1.899162e6,1.457721e6,109,0.0545,1,2,0,8,441441.0,7,7,6,success,
inst_13_first_instance_set_medium_2000_400_40,13,pdisp,2000,400,40,0.004000186920166016,5.671000003814697,0.018999814987182617,52.375,58.09700012207031,2.2184490032603657e6,2.220735e6,2.224478e6,1.406734e6,117,0.0585,0,4,0,5,817744.0,4,3,2,success,
inst_13_first_instance_set_medium_2000_400_40,13,multi_pdp,2000,400,40,300.2979998588562,6.386000156402588,0.018999814987182617,29.706000089645386,336.4429998397827,1.5358502912888143e6,1.536546e6,1.543174e6,1.314266e6,107,0.0535,3,0,0,4,228908.0,3,3,3,success,
inst_13_first_instance_set_medium_2000_400_40,13,multi_p_median,2000,400,40,178.15100002288818,6.55400013923645,0.023999929428100586,6.08899998664856,190.8400001525879,1.3087114182251047e6,1.303912e6,1.303912e6,1.276987e6,106,0.053,0,0,0,2,26925.0,1,1,0,success,
inst_13_first_instance_set_medium_2000_400_40,13,multi_p_median_benders,2000,400,40,152.4800000190735,5.525000095367432,0.006999969482421875,6.206000089645386,164.25,1.3087114182251047e6,1.303912e6,1.303912e6,1.276987e6,106,0.053,0,0,0,2,26925.0,1,1,0,success,
inst_14_first_instance_set_medium_2000_400_40,14,relaxed,2000,400,40,307.4399998188019,7.319000005722046,0.02700018882751465,26.274999856948853,341.0939998626709,2.101776163187488e6,2.101012e6,2.107815e6,1.490167e6,112,0.056,4,2,0,5,617648.0,4,4,3,success,
inst_14_first_instance_set_medium_2000_400_40,14,pdisp,2000,400,40,0.002000093460083008,5.644999980926514,0.006000041961669922,70.73000001907349,76.42600011825562,2.2093396570977243e6,2.208577e6,2.212113e6,1.603078e6,114,0.057,0,3,0,9,609035.0,8,7,5,success,
inst_14_first_instance_set_medium_2000_400_40,14,multi_pdp,2000,400,40,300.3269999027252,6.456000089645386,0.00800013542175293,23.022000074386597,329.8589999675751,1.4584539110666632e6,1.457027e6,1.458253e6,1.311944e6,106,0.053,1,0,0,4,146309.0,3,3,2,success,
inst_14_first_instance_set_medium_2000_400_40,14,multi_p_median,2000,400,40,285.82599997520447,6.26800012588501,0.010000228881835938,9.453999996185303,301.6080000400543,1.3056923231257736e6,1.306368e6,1.307835e6,1.270544e6,108,0.054,1,1,0,3,37291.0,2,2,1,success,
inst_14_first_instance_set_medium_2000_400_40,14,multi_p_median_benders,2000,400,40,189.0939998626709,5.819000005722046,0.011999845504760742,9.118000030517578,204.06799983978271,1.3056923231257736e6,1.306368e6,1.307835e6,1.270544e6,108,0.054,1,1,0,3,37291.0,2,2,1,success,
inst_15_first_instance_set_medium_2000_400_40,15,relaxed,2000,400,40,307.57800006866455,7.313999891281128,0.01699995994567871,83.2039999961853,398.1710000038147,2.2931781949594445e6,2.286322e6,2.293875e6,1.579457e6,118,0.059,6,2,0,5,714418.0,4,4,3,success,
inst_15_first_instance_set_medium_2000_400_40,15,pdisp,2000,400,40,0.002000093460083008,5.766000032424927,0.016000032424926758,61.92400002479553,67.75400018692017,2.373785950262623e6,2.362878e6,2.372905e6,1.40633e6,116,0.058,5,5,0,7,966575.0,6,6,4,success,
inst_15_first_instance_set_medium_2000_400_40,15,multi_pdp,2000,400,40,300.30999994277954,6.368000030517578,0.019999980926513672,25.58400011062622,332.3140001296997,1.554685922964686e6,1.552963e6,1.552567e6,1.317872e6,110,0.055,1,0,0,4,234695.0,3,3,2,success,
inst_15_first_instance_set_medium_2000_400_40,15,multi_p_median,2000,400,40,304.65300011634827,6.565999984741211,0.014999866485595703,9.51199984550476,320.779000043869,1.268553546944137e6,1.26665e6,1.268885e6,1.243766e6,100,0.05,2,0,0,2,25119.0,1,1,0,success,
inst_15_first_instance_set_medium_2000_400_40,15,multi_p_median_benders,2000,400,40,155.2039999961853,5.503000020980835,0.009999990463256836,12.252000093460083,173.00500011444092,1.3006882026476809e6,1.300449e6,1.300484e6,1.264286e6,108,0.054,0,2,0,3,36198.0,2,2,1,success,
inst_16_first_instance_set_medium_2000_400_40,16,relaxed,2000,400,40,307.0529999732971,6.552000045776367,0.0279998779296875,19.6560001373291,333.30999994277954,2.25873422762358e6,2.254124e6,2.275591e6,1.892667e6,112,0.056,6,4,0,5,382924.0,4,4,1,success,
inst_16_first_instance_set_medium_2000_400_40,16,pdisp,2000,400,40,0.002000093460083008,5.620999813079834,0.017000198364257812,61.81599998474121,67.4909999370575,2.1267219197366983e6,2.125227e6,2.132285e6,1.378878e6,119,0.0595,4,3,0,7,753407.0,6,6,4,success,
inst_16_first_instance_set_medium_2000_400_40,16,multi_pdp,2000,400,40,300.3729999065399,6.41700005531311,0.016000032424926758,15.63100004196167,322.4839999675751,1.5289306303216494e6,1.528946e6,1.535601e6,1.416645e6,107,0.0535,1,1,0,5,118956.0,4,4,1,success,
inst_16_first_instance_set_medium_2000_400_40,16,multi_p_median,2000,400,40,305.16100001335144,5.968999862670898,0.013000011444091797,12.239000082015991,323.4159998893738,1.3340792231328797e6,1.331985e6,1.332728e6,1.290206e6,106,0.053,1,0,0,4,42522.0,3,2,1,success,
inst_16_first_instance_set_medium_2000_400_40,16,multi_p_median_benders,2000,400,40,137.3619999885559,5.864000082015991,0.016000032424926758,7.43999981880188,150.72399997711182,1.310782459166924e6,1.306851e6,1.306851e6,1.265565e6,107,0.0535,0,0,0,3,41286.0,2,2,1,success,
inst_17_first_instance_set_medium_2000_400_40,17,relaxed,2000,400,40,306.9319999217987,6.664000034332275,0.01399993896484375,63.956000089645386,377.61299991607666,2.107052919813473e6,2.11206e6,2.111028e6,1.582251e6,110,0.055,1,2,0,6,528777.0,5,4,3,success,
inst_17_first_instance_set_medium_2000_400_40,17,pdisp,2000,400,40,0.003000020980834961,5.63100004196167,0.00800013542175293,46.65299987792969,52.35199999809265,2.2426677279870114e6,2.2425e6,2.245632e6,1.409209e6,109,0.0545,0,3,0,6,836423.0,5,5,3,success,
inst_17_first_instance_set_medium_2000_400_40,17,multi_pdp,2000,400,40,300.27300000190735,6.319999933242798,0.014999866485595703,27.876999855041504,334.5160000324249,1.5823070384354207e6,1.583277e6,1.584032e6,1.352403e6,105,0.0525,3,0,0,5,231629.0,4,3,2,success,
inst_17_first_instance_set_medium_2000_400_40,17,multi_p_median,2000,400,40,198.76200008392334,6.391000032424927,0.017999887466430664,9.851999998092651,215.0640001296997,1.3098715044685642e6,1.307953e6,1.307953e6,1.265853e6,106,0.053,0,0,0,3,42100.0,2,2,1,success,
inst_17_first_instance_set_medium_2000_400_40,17,multi_p_median_benders,2000,400,40,122.60000014305115,6.07099986076355,0.01100015640258789,10.022000074386597,138.7369999885559,1.3098715044685642e6,1.307953e6,1.307953e6,1.265853e6,106,0.053,0,0,0,3,42100.0,2,2,1,success,
inst_18_first_instance_set_medium_2000_400_40,18,relaxed,2000,400,40,0.0,0.0,0.0,0.0,306.95700001716614,0.0,0.0,0.0,0.0,0,0.0,0,0,0,0,0.0,0,0,0,error,Result index of attribute MathOptInterface.VariablePrimal(1) out of bounds. There are currently 0 solution(s) in the model.
inst_18_first_instance_set_medium_2000_400_40,18,pdisp,2000,400,40,0.0019998550415039062,6.958000183105469,0.00800013542175293,51.49499988555908,58.5239999294281,2.0666652537757938e6,2.056341e6,2.064604e6,1.355595e6,119,0.0595,0,6,0,5,709009.0,4,4,3,success,
inst_18_first_instance_set_medium_2000_400_40,18,multi_pdp,2000,400,40,300.32299995422363,6.0350000858306885,0.006000041961669922,32.96000003814697,339.37800002098083,1.5355806989204134e6,1.536707e6,1.538781e6,1.317352e6,108,0.054,1,1,0,5,221429.0,4,4,3,success,
inst_18_first_instance_set_medium_2000_400_40,18,multi_p_median,2000,400,40,93.43799996376038,5.953999996185303,0.029000043869018555,11.221999883651733,110.67700004577637,1.2695947802474936e6,1.267066e6,1.268364e6,1.230195e6,104,0.052,0,2,0,3,38169.0,2,2,1,success,
inst_18_first_instance_set_medium_2000_400_40,18,multi_p_median_benders,2000,400,40,82.98699998855591,5.638999938964844,0.013000011444091797,11.296000003814697,99.96799993515015,1.2695947802474936e6,1.267066e6,1.268364e6,1.230195e6,104,0.052,0,2,0,3,38169.0,2,2,1,success,
inst_19_first_instance_set_medium_2000_400_40,19,relaxed,2000,400,40,307.760999917984,6.606000185012817,0.00599980354309082,15.433000087738037,329.8310000896454,1.8868799912943693e6,1.889716e6,1.892057e6,1.520516e6,109,0.0545,0,2,0,4,371541.0,3,3,1,success,
inst_19_first_instance_set_medium_2000_400_40,19,pdisp,2000,400,40,0.015000104904174805,5.647000074386597,0.01699995994567871,61.21399998664856,66.9150002002716,2.1580576010799245e6,2.156683e6,2.156258e6,1.536812e6,114,0.057,1,3,0,5,619446.0,4,4,3,success,
inst_19_first_instance_set_medium_2000_400_40,19,multi_pdp,2000,400,40,300.30399990081787,6.367000102996826,0.01699995994567871,29.05299997329712,335.7630000114441,1.5032656807017105e6,1.501849e6,1.503206e6,1.323174e6,108,0.054,0,1,0,5,180032.0,3,4,3,success,
inst_19_first_instance_set_medium_2000_400_40,19,multi_p_median,2000,400,40,236.1600000858307,6.366999864578247,0.03900003433227539,11.653000116348267,254.24399995803833,1.2689249556891995e6,1.265984e6,1.266101e6,1.228374e6,106,0.053,1,0,0,3,37727.0,2,2,1,success,
inst_19_first_instance_set_medium_2000_400_40,19,multi_p_median_benders,2000,400,40,161.56500005722046,5.587000131607056,0.023000001907348633,11.885999917984009,179.09600019454956,1.2689249556891995e6,1.265984e6,1.266101e6,1.228374e6,106,0.053,1,0,0,3,37727.0,2,2,1,success,
inst_1_first_instance_set_medium_2000_400_40,1,relaxed,2000,400,40,307.28700017929077,6.810999870300293,0.013000011444091797,108.00099992752075,422.16800022125244,2.410095644162208e6,2.410884e6,2.417259e6,1.627946e6,120,0.06,2,2,0,7,789313.0,6,6,5,success,
inst_1_first_instance_set_medium_2000_400_40,1,pdisp,2000,400,40,0.002000093460083008,5.562999963760376,0.009000062942504883,53.00399994850159,58.61800003051758,2.087527382518303e6,2.08959e6,2.091771e6,1.480138e6,112,0.056,1,4,0,5,611633.0,4,4,3,success,
inst_1_first_instance_set_medium_2000_400_40,1,multi_pdp,2000,400,40,300.2760000228882,6.385999917984009,0.021999835968017578,28.35699987411499,335.07599997520447,1.4965289956659523e6,1.496927e6,1.49702e6,1.329828e6,110,0.055,0,1,0,6,167192.0,5,4,2,success,
inst_1_first_instance_set_medium_2000_400_40,1,multi_p_median,2000,400,40,132.8050000667572,6.20199990272522,0.016000032424926758,10.035000085830688,149.08899998664856,1.2944852855004712e6,1.295645e6,1.299177e6,1.251969e6,105,0.0525,3,0,0,3,47208.0,2,1,0,success,
inst_1_first_instance_set_medium_2000_400_40,1,multi_p_median_benders,2000,400,40,131.10899996757507,5.921000003814697,0.015000104904174805,9.995000123977661,147.06700015068054,1.2944852855004712e6,1.295645e6,1.299177e6,1.251969e6,105,0.0525,3,0,0,3,47208.0,2,1,0,success,
inst_20_first_instance_set_medium_2000_400_40,20,relaxed,2000,400,40,307.30599999427795,6.577000141143799,0.018999814987182617,38.9229998588562,352.86299991607666,1.9345384249024256e6,1.938135e6,1.944566e6,1.43009e6,111,0.0555,3,4,0,7,514476.0,6,6,3,success,
inst_20_first_instance_set_medium_2000_400_40,20,pdisp,2000,400,40,0.003000020980834961,5.355000019073486,0.007999897003173828,51.9210000038147,57.33500003814697,2.1174525686649526e6,2.119494e6,2.12451e6,1.431468e6,115,0.0575,1,9,0,5,693042.0,4,4,3,success,
inst_20_first_instance_set_medium_2000_400_40,20,multi_pdp,2000,400,40,300.27300000190735,6.125,0.014000177383422852,27.93499994277954,334.3800001144409,1.5451076238108862e6,1.545284e6,1.546197e6,1.317438e6,110,0.055,0,2,0,5,228759.0,4,3,2,success,
inst_20_first_instance_set_medium_2000_400_40,20,multi_p_median,2000,400,40,93.81199979782104,6.496000051498413,0.01100015640258789,9.194999933242798,109.54899978637695,1.2743932437335965e6,1.275318e6,1.276759e6,1.229458e6,108,0.054,0,1,0,2,47301.0,1,1,0,success,
inst_20_first_instance_set_medium_2000_400_40,20,multi_p_median_benders,2000,400,40,63.73699998855591,5.913000106811523,0.013000011444091797,9.366000175476074,79.0550000667572,1.2743932437335965e6,1.275318e6,1.276759e6,1.229458e6,108,0.054,0,1,0,2,47301.0,1,1,0,success,
inst_21_first_instance_set_medium_2000_400_40,21,relaxed,2000,400,40,308.20700001716614,6.0909998416900635,0.021000146865844727,62.58799982070923,376.92599987983704,2.0932114321199849e6,2.092975e6,2.094831e6,1.515178e6,117,0.0585,0,3,0,5,579653.0,4,4,2,success,
inst_21_first_instance_set_medium_2000_400_40,21,pdisp,2000,400,40,0.003000020980834961,5.735000133514404,0.019999980926513672,44.09599995613098,49.89900016784668,2.0242248771885796e6,2.023529e6,2.03566e6,1.497505e6,115,0.0575,2,4,0,5,538155.0,4,4,2,success,
inst_21_first_instance_set_medium_2000_400_40,21,multi_pdp,2000,400,40,300.29199981689453,6.396000146865845,0.017999887466430664,33.3989999294281,340.1289999485016,1.5260081961888685e6,1.525411e6,1.525393e6,1.31977e6,109,0.0545,0,1,0,5,205623.0,4,3,2,success,
inst_21_first_instance_set_medium_2000_400_40,21,multi_p_median,2000,400,40,112.99799990653992,6.868000030517578,0.046000003814697266,7.728000164031982,127.69600009918213,1.2825693486313748e6,1.282385e6,1.282462e6,1.241538e6,109,0.0545,3,1,0,3,40924.0,2,1,0,success,
inst_21_first_instance_set_medium_2000_400_40,21,multi_p_median_benders,2000,400,40,87.92600011825562,5.8409998416900635,0.01699995994567871,7.790999889373779,101.61400008201599,1.2825693486313748e6,1.282385e6,1.282462e6,1.241538e6,109,0.0545,3,1,0,3,40924.0,2,1,0,success,
inst_22_first_instance_set_medium_2000_400_40,22,relaxed,2000,400,40,308.2630000114441,6.514999866485596,0.024000167846679688,103.48899984359741,418.3289999961853,3.093645838559441e6,3.091122e6,3.099007e6,1.545142e6,123,0.0615,1,4,0,5,1.553865e6,4,4,3,success,
inst_22_first_instance_set_medium_2000_400_40,22,pdisp,2000,400,40,0.002000093460083008,5.5279998779296875,0.03900003433227539,55.10899996757507,60.7039999961853,2.1112151783115026e6,2.106195e6,2.129048e6,1.41277e6,109,0.0545,6,2,0,5,716278.0,4,4,2,success,
inst_22_first_instance_set_medium_2000_400_40,22,multi_pdp,2000,400,40,300.29500007629395,6.349999904632568,0.026000022888183594,20.243000030517578,326.960000038147,1.5925896699607011e6,1.591994e6,1.593131e6,1.358986e6,105,0.0525,2,1,0,4,234145.0,3,3,1,success,
inst_22_first_instance_set_medium_2000_400_40,22,multi_p_median,2000,400,40,141.4649999141693,6.792999982833862,0.003999948501586914,10.689000129699707,158.9869999885559,1.280107727163752e6,1.277678e6,1.27798e6,1.246412e6,107,0.0535,1,0,0,3,31568.0,2,2,1,success,
inst_22_first_instance_set_medium_2000_400_40,22,multi_p_median_benders,2000,400,40,103.57500004768372,5.997999906539917,0.017999887466430664,10.418999910354614,120.04200005531311,1.280107727163752e6,1.277678e6,1.27798e6,1.246412e6,107,0.0535,1,0,0,3,31568.0,2,2,1,success,
inst_23_first_instance_set_medium_2000_400_40,23,relaxed,2000,400,40,307.05800008773804,6.388999938964844,0.008999824523925781,47.94199991226196,361.4500000476837,2.098645962137589e6,2.098513e6,2.103969e6,1.463682e6,116,0.058,0,5,0,6,640287.0,5,5,3,success,
inst_23_first_instance_set_medium_2000_400_40,23,pdisp,2000,400,40,0.009999990463256836,5.165999889373779,0.010999917984008789,65.33400011062622,70.54699993133545,2.1460334036238655e6,2.144491e6,2.148053e6,1.392674e6,119,0.0595,0,4,0,7,755379.0,6,6,6,success,
inst_23_first_instance_set_medium_2000_400_40,23,multi_pdp,2000,400,40,300.2590000629425,6.162999868392944,0.005000114440917969,15.145999908447266,321.6159999370575,1.4253457138599278e6,1.42593e6,1.426979e6,1.294924e6,109,0.0545,0,2,0,4,132055.0,3,3,1,success,
inst_23_first_instance_set_medium_2000_400_40,23,multi_p_median,2000,400,40,144.08599996566772,6.038000106811523,0.023000001907348633,6.264999866485596,156.4539999961853,1.266287509558864e6,1.267683e6,1.267252e6,1.238868e6,101,0.0505,1,0,0,2,28384.0,1,1,0,success,
inst_23_first_instance_set_medium_2000_400_40,23,multi_p_median_benders,2000,400,40,135.1449999809265,5.572999954223633,0.012000083923339844,6.266999959945679,147.05999994277954,1.266287509558864e6,1.267683e6,1.267252e6,1.238868e6,101,0.0505,1,0,0,2,28384.0,1,1,0,success,
inst_24_first_instance_set_medium_2000_400_40,24,relaxed,2000,400,40,307.4449999332428,6.200000047683716,0.03900003433227539,23.373000144958496,337.1029999256134,2.1548237597184707e6,2.152519e6,2.164518e6,1.698214e6,119,0.0595,0,7,0,5,466304.0,4,4,3,success,
inst_24_first_instance_set_medium_2000_400_40,24,pdisp,2000,400,40,0.0019998550415039062,5.114000082015991,0.013000011444091797,63.42799997329712,68.58999991416931,2.380515932524246e6,2.383302e6,2.388015e6,1.458204e6,118,0.059,0,5,0,7,929811.0,6,6,3,success,
inst_24_first_instance_set_medium_2000_400_40,24,multi_pdp,2000,400,40,300.32800006866455,6.074999809265137,0.012000083923339844,36.64100003242493,343.0899999141693,1.5300435241693733e6,1.525933e6,1.526696e6,1.333658e6,112,0.056,0,1,0,5,193038.0,4,4,3,success,
inst_24_first_instance_set_medium_2000_400_40,24,multi_p_median,2000,400,40,145.02100014686584,6.605999946594238,0.01399993896484375,13.433000087738037,165.09600019454956,1.3007790398346612e6,1.29691e6,1.29691e6,1.249379e6,106,0.053,0,0,0,3,47531.0,2,2,1,success,
inst_24_first_instance_set_medium_2000_400_40,24,multi_p_median_benders,2000,400,40,71.54299998283386,5.638000011444092,0.016000032424926758,13.709999799728394,90.92499995231628,1.3007790398346612e6,1.29691e6,1.29691e6,1.249379e6,106,0.053,0,0,0,3,47531.0,2,2,1,success,
inst_25_first_instance_set_medium_2000_400_40,25,relaxed,2000,400,40,307.15300011634827,6.371000051498413,0.023000001907348633,60.80199980735779,374.3789999485016,1.9700620317617478e6,1.968219e6,1.975473e6,1.495892e6,115,0.0575,1,2,0,4,479581.0,3,3,2,success,
inst_25_first_instance_set_medium_2000_400_40,25,pdisp,2000,400,40,0.003000020980834961,5.395999908447266,0.4029998779296875,41.50699996948242,47.33099985122681,2.0682647141696443e6,2.066279e6,2.076907e6,1.405406e6,109,0.0545,4,2,0,4,671501.0,3,3,2,success,
inst_25_first_instance_set_medium_2000_400_40,25,multi_pdp,2000,400,40,300.30999994277954,6.0929999351501465,0.013000011444091797,24.153000116348267,330.5899999141693,1.5143520750794886e6,1.515098e6,1.515461e6,1.361189e6,106,0.053,1,1,0,4,154272.0,3,2,2,success,
inst_25_first_instance_set_medium_2000_400_40,25,multi_p_median,2000,400,40,305.3140001296997,6.261999845504761,0.009999990463256836,8.75600004196167,320.4010000228882,1.3142784475727011e6,1.315426e6,1.316852e6,1.278956e6,111,0.0555,0,2,0,3,37896.0,2,2,1,success,
inst_25_first_instance_set_medium_2000_400_40,25,multi_p_median_benders,2000,400,40,302.41799998283386,5.628000020980835,0.01100015640258789,14.67300009727478,322.7650001049042,1.2862005870790763e6,1.283942e6,1.284156e6,1.248451e6,105,0.0525,0,1,0,3,35705.0,1,2,2,success,
inst_2_first_instance_set_medium_2000_400_40,2,relaxed,2000,400,40,307.5260000228882,6.131999969482422,0.020999908447265625,64.05800008773804,377.7579998970032,1.8419805918720632e6,1.839925e6,1.840908e6,1.424533e6,111,0.0555,1,1,0,5,416375.0,3,4,3,success,
inst_2_first_instance_set_medium_2000_400_40,2,pdisp,2000,400,40,0.003000020980834961,5.057999849319458,0.0280001163482666,59.598999977111816,64.71300005912781,2.010368227446508e6,2.003693e6,2.015294e6,1.333609e6,113,0.0565,5,1,0,7,681685.0,5,6,5,success,
inst_2_first_instance_set_medium_2000_400_40,2,multi_pdp,2000,400,40,300.32099986076355,6.087000131607056,0.009999990463256836,30.283999919891357,336.7430000305176,1.5345719696296125e6,1.531796e6,1.531796e6,1.325075e6,108,0.054,0,0,0,4,206721.0,3,3,2,success,
inst_2_first_instance_set_medium_2000_400_40,2,multi_p_median,2000,400,40,205.72800016403198,6.523999929428101,0.01900005340576172,13.306999921798706,225.614000082016,1.270997748831849e6,1.272904e6,1.272249e6,1.237711e6,102,0.051,1,0,0,3,34538.0,2,2,1,success,
inst_2_first_instance_set_medium_2000_400_40,2,multi_p_median_benders,2000,400,40,127.26999998092651,5.818000078201294,0.020999908447265625,13.504000186920166,146.63300013542175,1.270997748831849e6,1.272904e6,1.272249e6,1.237711e6,102,0.051,1,0,0,3,34538.0,2,2,1,success,
inst_3_first_instance_set_medium_2000_400_40,3,relaxed,2000,400,40,307.9609999656677,6.466000080108643,0.032000064849853516,45.57000017166138,360.0629999637604,2.4496235528897843e6,2.452616e6,2.465622e6,1.547721e6,118,0.059,3,7,0,6,917901.0,5,4,3,success,
inst_3_first_instance_set_medium_2000_400_40,3,pdisp,2000,400,40,0.002000093460083008,5.325999975204468,0.006999969482421875,51.444000005722046,56.818000078201294,2.0581844404437894e6,2.059725e6,2.061417e6,1.554371e6,112,0.056,1,2,0,6,507046.0,4,5,4,success,
inst_3_first_instance_set_medium_2000_400_40,3,multi_pdp,2000,400,40,300.3970000743866,6.085000038146973,0.009000062942504883,20.52400016784668,327.0570001602173,1.5324142447736277e6,1.533165e6,1.534081e6,1.348402e6,113,0.0565,0,1,0,5,185679.0,4,4,1,success,
inst_3_first_instance_set_medium_2000_400_40,3,multi_p_median,2000,400,40,183.5090000629425,6.328999996185303,0.019999980926513672,7.931999921798706,197.82500004768372,1.2496363293593144e6,1.247659e6,1.249787e6,1.224585e6,113,0.0565,1,1,0,3,25202.0,2,2,0,success,
inst_3_first_instance_set_medium_2000_400_40,3,multi_p_median_benders,2000,400,40,98.10399985313416,6.080000162124634,0.016000032424926758,8.026999950408936,112.24699997901917,1.2496363293593144e6,1.247659e6,1.249787e6,1.224585e6,113,0.0565,1,1,0,3,25202.0,2,2,0,success,
inst_4_first_instance_set_medium_2000_400_40,4,relaxed,2000,400,40,307.5260000228882,6.233999967575073,0.029000043869018555,40.026999950408936,353.86100006103516,2.2849287022213284e6,2.284637e6,2.292134e6,1.703634e6,116,0.058,2,4,0,5,588500.0,4,4,3,success,
inst_4_first_instance_set_medium_2000_400_40,4,pdisp,2000,400,40,0.003000020980834961,5.251999855041504,0.016000032424926758,45.914000034332275,51.20299983024597,2.0901768432809974e6,2.088503e6,2.092889e6,1.419851e6,117,0.0585,0,4,0,6,673038.0,5,4,3,success,
inst_4_first_instance_set_medium_2000_400_40,4,multi_pdp,2000,400,40,300.3989999294281,5.900000095367432,0.006999969482421875,27.609999895095825,333.9389998912811,1.5400740399899248e6,1.542406e6,1.542406e6,1.330876e6,106,0.053,0,0,0,4,211530.0,3,3,2,success,
inst_4_first_instance_set_medium_2000_400_40,4,multi_p_median,2000,400,40,128.90000009536743,6.2149999141693115,0.010999917984008789,4.4100000858306885,139.56500005722046,1.2605320748788198e6,1.25749e6,1.25749e6,1.223928e6,107,0.0535,0,0,0,2,33562.0,1,1,0,success,
inst_4_first_instance_set_medium_2000_400_40,4,multi_p_median_benders,2000,400,40,123.39100003242493,5.2829999923706055,0.003999948501586914,4.751000165939331,133.47800016403198,1.2605320748788198e6,1.25749e6,1.25749e6,1.223928e6,107,0.0535,0,0,0,2,33562.0,1,1,0,success,
inst_5_first_instance_set_medium_2000_400_40,5,relaxed,2000,400,40,306.87399983406067,6.333000183105469,0.034999847412109375,87.60399985313416,400.885999917984,2.0742545597678537e6,2.071183e6,2.073598e6,1.376188e6,112,0.056,1,4,0,6,697410.0,5,5,3,success,
inst_5_first_instance_set_medium_2000_400_40,5,pdisp,2000,400,40,0.0009999275207519531,5.672000169754028,0.014999866485595703,41.35599994659424,47.0789999961853,2.140018635105399e6,2.140382e6,2.144752e6,1.482889e6,119,0.0595,2,7,0,5,661863.0,4,4,2,success,
inst_5_first_instance_set_medium_2000_400_40,5,multi_pdp,2000,400,40,300.297000169754,5.835000038146973,0.01699995994567871,27.223000049591064,333.3990001678467,1.5086233139492418e6,1.510439e6,1.511396e6,1.306862e6,108,0.054,0,1,0,6,204534.0,5,5,2,success,
inst_5_first_instance_set_medium_2000_400_40,5,multi_p_median,2000,400,40,244.31900000572205,6.236999988555908,0.007999897003173828,9.733000040054321,260.34100008010864,1.312937709438617e6,1.313399e6,1.313077e6,1.273444e6,112,0.056,0,1,0,3,39633.0,2,2,1,success,
inst_5_first_instance_set_medium_2000_400_40,5,multi_p_median_benders,2000,400,40,100.66400003433228,6.124000072479248,0.010999917984008789,9.860999822616577,116.6800000667572,1.312937709438617e6,1.313399e6,1.313077e6,1.273444e6,112,0.056,0,1,0,3,39633.0,2,2,1,success,
inst_6_first_instance_set_medium_2000_400_40,6,relaxed,2000,400,40,306.7849998474121,6.3459999561309814,0.040000200271606445,68.07599997520447,381.27699995040894,2.0042628339607706e6,2.004096e6,2.007719e6,1.421523e6,108,0.054,2,2,0,7,586196.0,6,6,3,success,
inst_6_first_instance_set_medium_2000_400_40,6,pdisp,2000,400,40,0.002000093460083008,5.273999929428101,0.009000062942504883,66.12800002098083,71.46000003814697,2.2276517288925676e6,2.230192e6,2.229867e6,1.428236e6,112,0.056,1,3,0,6,801631.0,5,5,3,success,
inst_6_first_instance_set_medium_2000_400_40,6,multi_pdp,2000,400,40,300.2770001888275,5.666999816894531,0.016000032424926758,36.5460000038147,342.5550000667572,1.567659373410531e6,1.567585e6,1.567077e6,1.342363e6,108,0.054,1,0,0,6,224714.0,4,5,3,success,
inst_6_first_instance_set_medium_2000_400_40,6,multi_p_median,2000,400,40,304.7960000038147,6.580999851226807,0.02500009536743164,10.236000061035156,321.6710000038147,1.3485192351917427e6,1.34509e6,1.345562e6,1.311466e6,108,0.054,2,0,0,4,34096.0,3,2,0,success,
inst_6_first_instance_set_medium_2000_400_40,6,multi_p_median_benders,2000,400,40,190.864000082016,5.680999994277954,0.01699995994567871,15.6489999294281,212.2409999370575,1.3336851248737508e6,1.331464e6,1.3356e6,1.283816e6,103,0.0515,5,1,0,4,51784.0,3,3,2,success,
inst_7_first_instance_set_medium_2000_400_40,7,relaxed,2000,400,40,306.71299982070923,6.163000106811523,0.005000114440917969,40.25699996948242,353.17399978637695,2.1034378926004805e6,2.101202e6,2.105682e6,1.34475e6,121,0.0605,0,3,0,5,760932.0,4,4,3,success,
inst_7_first_instance_set_medium_2000_400_40,7,pdisp,2000,400,40,0.002000093460083008,5.658999919891357,0.016000032424926758,40.58800005912781,46.31100010871887,1.9771580405614933e6,1.977117e6,1.98193e6,1.498262e6,114,0.057,0,5,0,5,483668.0,4,4,1,success,
inst_7_first_instance_set_medium_2000_400_40,7,multi_pdp,2000,400,40,300.33300018310547,5.973999977111816,0.021999835968017578,27.140000104904175,333.4930000305176,1.428879398555955e6,1.429987e6,1.435772e6,1.313133e6,104,0.052,1,1,0,5,122639.0,4,3,2,success,
inst_7_first_instance_set_medium_2000_400_40,7,multi_p_median,2000,400,40,161.23299980163574,6.295000076293945,0.004999876022338867,7.738000154495239,175.31199979782104,1.3346212415069784e6,1.332279e6,1.332279e6,1.280924e6,112,0.056,0,0,0,3,51355.0,2,2,0,success,
inst_7_first_instance_set_medium_2000_400_40,7,multi_p_median_benders,2000,400,40,107.54399991035461,5.80400013923645,0.014999866485595703,7.734999895095825,121.11999988555908,1.3346212415069784e6,1.332279e6,1.332279e6,1.280924e6,112,0.056,0,0,0,3,51355.0,2,2,0,success,
inst_8_first_instance_set_medium_2000_400_40,8,relaxed,2000,400,40,307.6390001773834,6.1529998779296875,0.017999887466430664,30.65000009536743,344.4850001335144,2.0027384038837545e6,2.005686e6,2.008368e6,1.418865e6,119,0.0595,0,3,0,7,589503.0,6,6,3,success,
inst_8_first_instance_set_medium_2000_400_40,8,pdisp,2000,400,40,0.005000114440917969,5.617000102996826,0.018999814987182617,56.9210000038147,62.610000133514404,2.193426998383427e6,2.194385e6,2.206365e6,1.363408e6,114,0.057,3,6,0,7,842957.0,6,6,4,success,
inst_8_first_instance_set_medium_2000_400_40,8,multi_pdp,2000,400,40,300.3380000591278,6.016000032424927,0.014999866485595703,21.375,327.77699995040894,1.4897978547704492e6,1.494719e6,1.49434e6,1.344096e6,107,0.0535,0,1,0,4,150244.0,3,3,1,success,
inst_8_first_instance_set_medium_2000_400_40,8,multi_p_median,2000,400,40,110.69299983978271,6.7170000076293945,0.009000062942504883,16.182000160217285,133.6619999408722,1.2990998651006578e6,1.299862e6,1.301298e6,1.243377e6,108,0.054,0,1,0,3,57921.0,2,2,1,success,
inst_8_first_instance_set_medium_2000_400_40,8,multi_p_median_benders,2000,400,40,66.80900001525879,5.625,0.012000083923339844,16.44000005722046,88.91000008583069,1.2990998651006578e6,1.299862e6,1.301298e6,1.243377e6,108,0.054,0,1,0,3,57921.0,2,2,1,success,
inst_9_first_instance_set_medium_2000_400_40,9,relaxed,2000,400,40,306.606999874115,6.460999965667725,0.01100015640258789,90.8989999294281,404.0039999485016,2.0052542427373817e6,2.00267e6,2.005561e6,1.440712e6,112,0.056,0,4,0,8,564849.0,7,6,4,success,
inst_9_first_instance_set_medium_2000_400_40,9,pdisp,2000,400,40,0.0019998550415039062,5.381999969482422,0.026000022888183594,64.88699984550476,70.3309998512268,2.1428501427071416e6,2.142519e6,2.144463e6,1.489057e6,117,0.0585,1,4,0,7,655406.0,6,5,3,success,
inst_9_first_instance_set_medium_2000_400_40,9,multi_pdp,2000,400,40,300.2739999294281,5.747999906539917,0.014000177383422852,24.168999910354614,330.2519998550415,1.5068386097498052e6,1.503879e6,1.503879e6,1.343534e6,110,0.055,0,0,0,4,160345.0,3,3,2,success,
inst_9_first_instance_set_medium_2000_400_40,9,multi_p_median,2000,400,40,234.5659999847412,6.519000053405762,0.014999866485595703,7.6559998989105225,248.80099987983704,1.3708498384002054e6,1.371244e6,1.372554e6,1.314332e6,105,0.0525,0,1,0,3,58222.0,2,2,1,success,
inst_9_first_instance_set_medium_2000_400_40,9,multi_p_median_benders,2000,400,40,120.66799998283386,5.8420000076293945,0.01900005340576172,7.70199990272522,134.2630000114441,1.3708498384002054e6,1.371244e6,1.372554e6,1.314332e6,105,0.0525,0,1,0,3,58222.0,2,2,1,success,
inst_10_first_instance_set_medium_2000_400_50,10,relaxed,2000,400,50,307.52300000190735,6.601999998092651,0.012000083923339844,64.7829999923706,378.96200013160706,2.1561381988924844e6,2.159232e6,2.174073e6,1.368326e6,144,0.072,6,6,0,7,805747.0,6,6,3,success,
inst_10_first_instance_set_medium_2000_400_50,10,pdisp,2000,400,50,0.003999948501586914,5.406000137329102,0.01699995994567871,66.51500010490417,71.97699999809265,1.6681503827134504e6,1.667429e6,1.669497e6,1.256466e6,142,0.071,1,3,0,6,413031.0,5,5,2,success,
inst_10_first_instance_set_medium_2000_400_50,10,multi_pdp,2000,400,50,300.2779998779297,5.88700008392334,0.03299999237060547,44.15999984741211,350.38899993896484,1.320129771449998e6,1.320578e6,1.333542e6,1.188636e6,137,0.0685,7,1,0,5,144906.0,4,4,3,success,
inst_10_first_instance_set_medium_2000_400_50,10,multi_p_median,2000,400,50,130.71000003814697,6.608000040054321,0.029999971389770508,11.185999870300293,148.60700011253357,1.1738687787244373e6,1.175397e6,1.185192e6,1.13597e6,142,0.071,3,4,0,2,49222.0,1,1,0,success,
inst_10_first_instance_set_medium_2000_400_50,10,multi_p_median_benders,2000,400,50,95.14800000190735,5.986999988555908,0.026000022888183594,11.339999914169312,112.55900001525879,1.1738687787244373e6,1.175397e6,1.185192e6,1.13597e6,142,0.071,3,4,0,2,49222.0,1,1,0,success,
inst_11_first_instance_set_medium_2000_400_50,11,relaxed,2000,400,50,307.91799998283386,6.330999851226807,0.020000219345092773,101.99900007247925,416.28799986839294,2.3390492758168573e6,2.342102e6,2.352285e6,1.37822e6,146,0.073,5,4,0,10,974065.0,9,9,6,success,
inst_11_first_instance_set_medium_2000_400_50,11,pdisp,2000,400,50,0.004999876022338867,5.190000057220459,0.014000177383422852,79.07399988174438,84.30900001525879,1.8646142017886364e6,1.868243e6,1.869809e6,1.227312e6,138,0.069,0,3,0,6,642497.0,4,5,4,success,
inst_11_first_instance_set_medium_2000_400_50,11,multi_pdp,2000,400,50,300.2940001487732,5.947000026702881,0.009999990463256836,24.530999898910522,330.81700015068054,1.356838452506064e6,1.354261e6,1.355542e6,1.213099e6,130,0.065,2,0,0,4,142443.0,3,3,1,success,
inst_11_first_instance_set_medium_2000_400_50,11,multi_p_median,2000,400,50,114.95000004768372,6.11899995803833,0.017000198364257812,9.443000078201294,130.5530002117157,1.155277421471575e6,1.153575e6,1.161054e6,1.131251e6,127,0.0635,4,1,0,3,29803.0,2,2,0,success,
inst_11_first_instance_set_medium_2000_400_50,11,multi_p_median_benders,2000,400,50,72.38600015640259,5.996999979019165,0.023999929428100586,9.505000114440918,87.9539999961853,1.155277421471575e6,1.153575e6,1.161054e6,1.131251e6,127,0.0635,4,1,0,3,29803.0,2,2,0,success,
inst_12_first_instance_set_medium_2000_400_50,12,relaxed,2000,400,50,307.54699993133545,6.361999988555908,0.020999908447265625,73.77499985694885,387.742999792099,2.678321630766664e6,2.683084e6,2.707413e6,1.353204e6,153,0.0765,8,7,0,5,1.354209e6,4,4,3,success,
inst_12_first_instance_set_medium_2000_400_50,12,pdisp,2000,400,50,0.004999876022338867,5.74399995803833,0.02500009536743164,60.80800008773804,66.61500000953674,1.7972046243947938e6,1.793945e6,1.797917e6,1.297847e6,142,0.071,8,6,0,5,500070.0,3,4,3,success,
inst_12_first_instance_set_medium_2000_400_50,12,multi_pdp,2000,400,50,300.271999835968,6.026000022888184,0.026999950408935547,21.032000064849854,327.40499997138977,1.3580119614269077e6,1.35411e6,1.354486e6,1.289099e6,139,0.0695,2,1,0,3,65387.0,2,2,2,success,
inst_12_first_instance_set_medium_2000_400_50,12,multi_p_median,2000,400,50,135.60199999809265,6.598999977111816,0.02200007438659668,15.866000175476074,158.11300015449524,1.1646978979906929e6,1.163741e6,1.171093e6,1.123021e6,143,0.0715,4,1,0,3,48072.0,2,2,1,success,
inst_12_first_instance_set_medium_2000_400_50,12,multi_p_median_benders,2000,400,50,77.65899991989136,5.580000162124634,0.4029998779296875,15.780999898910522,99.46199989318848,1.1646978979906929e6,1.163741e6,1.171093e6,1.123021e6,143,0.0715,4,1,0,3,48072.0,2,2,1,success,
inst_13_first_instance_set_medium_2000_400_50,13,relaxed,2000,400,50,307.0329999923706,6.483999967575073,0.019999980926513672,64.98799991607666,378.55999994277954,1.9184376362448526e6,1.918534e6,1.921232e6,1.297532e6,147,0.0735,3,3,0,8,623700.0,7,6,6,success,
inst_13_first_instance_set_medium_2000_400_50,13,pdisp,2000,400,50,0.002000093460083008,5.480999946594238,0.014999866485595703,55.04100012779236,60.57800006866455,1.8896024262563253e6,1.88856e6,1.893167e6,1.269171e6,136,0.068,1,4,0,5,623996.0,4,4,2,success,
inst_13_first_instance_set_medium_2000_400_50,13,multi_pdp,2000,400,50,300.28400015830994,6.085000038146973,0.01699995994567871,32.47699999809265,338.904000043869,1.445940486447007e6,1.448445e6,1.447307e6,1.262392e6,137,0.0685,3,0,0,5,184915.0,4,3,2,success,
inst_13_first_instance_set_medium_2000_400_50,13,multi_p_median,2000,400,50,81.67700004577637,6.516999959945679,0.01399993896484375,8.008000135421753,96.23499989509583,1.1335867448649565e6,1.133023e6,1.133313e6,1.107492e6,137,0.0685,2,1,0,3,25821.0,2,1,0,success,
inst_13_first_instance_set_medium_2000_400_50,13,multi_p_median_benders,2000,400,50,66.4300000667572,5.678999900817871,0.009000062942504883,16.72099995613098,88.88199996948242,1.1799574354531341e6,1.177654e6,1.17832e6,1.139443e6,137,0.0685,1,1,0,4,38877.0,3,2,1,success,
inst_14_first_instance_set_medium_2000_400_50,14,relaxed,2000,400,50,307.1889998912811,6.585999965667725,0.01699995994567871,48.52999997138977,362.34699988365173,1.998616591090414e6,1.992418e6,2.015028e6,1.377304e6,142,0.071,4,6,0,6,637724.0,5,4,3,success,
inst_14_first_instance_set_medium_2000_400_50,14,pdisp,2000,400,50,0.003000020980834961,5.523999929428101,0.029999971389770508,46.3050000667572,51.894999980926514,1.7768430201589572e6,1.771906e6,1.782073e6,1.24517e6,143,0.0715,10,2,0,5,536903.0,4,4,2,success,
inst_14_first_instance_set_medium_2000_400_50,14,multi_pdp,2000,400,50,300.3510000705719,5.950999975204468,0.020999908447265625,26.710000038146973,333.07100009918213,1.3956563155019355e6,1.395489e6,1.40766e6,1.241997e6,131,0.0655,5,4,0,5,165663.0,4,3,2,success,
inst_14_first_instance_set_medium_2000_400_50,14,multi_p_median,2000,400,50,134.57200002670288,6.394000053405762,0.012000083923339844,6.552000045776367,147.57600021362305,1.1464509633689802e6,1.144628e6,1.156932e6,1.125744e6,129,0.0645,6,2,0,3,31188.0,2,2,0,success,
inst_14_first_instance_set_medium_2000_400_50,14,multi_p_median_benders,2000,400,50,152.61800003051758,5.968999862670898,0.023000001907348633,6.621000051498413,165.27300000190735,1.1464509633689802e6,1.144628e6,1.156932e6,1.125744e6,129,0.0645,6,2,0,3,31188.0,2,2,0,success,
inst_15_first_instance_set_medium_2000_400_50,15,relaxed,2000,400,50,307.92400002479553,6.2220001220703125,0.039999961853027344,75.28500008583069,389.5150001049042,1.9581395735691804e6,1.962799e6,1.960925e6,1.587205e6,142,0.071,3,3,0,6,373720.0,5,5,3,success,
inst_15_first_instance_set_medium_2000_400_50,15,pdisp,2000,400,50,0.005000114440917969,5.836999893188477,0.023000001907348633,67.2590000629425,73.1560001373291,2.0061205554495526e6,2.003244e6,2.015758e6,1.246523e6,147,0.0735,8,5,0,6,769235.0,5,4,4,success,
inst_15_first_instance_set_medium_2000_400_50,15,multi_pdp,2000,400,50,300.289999961853,6.04200005531311,0.01900005340576172,33.32200002670288,339.7180001735687,1.420681622412102e6,1.420524e6,1.423501e6,1.246286e6,134,0.067,7,2,0,4,177215.0,3,2,1,success,
inst_15_first_instance_set_medium_2000_400_50,15,multi_p_median,2000,400,50,136.3659999370575,6.450999975204468,0.018000125885009766,8.95300006866455,151.81699991226196,1.127445457202652e6,1.128461e6,1.131748e6,1.101908e6,133,0.0665,4,2,0,2,29840.0,1,1,1,success,
inst_15_first_instance_set_medium_2000_400_50,15,multi_p_median_benders,2000,400,50,94.54999995231628,5.496000051498413,0.008999824523925781,9.248999834060669,109.33799982070923,1.127445457202652e6,1.128461e6,1.131748e6,1.101908e6,133,0.0665,4,2,0,2,29840.0,1,1,1,success,
inst_16_first_instance_set_medium_2000_400_50,16,relaxed,2000,400,50,306.64800000190735,6.550000190734863,1.5309998989105225,73.26099991798401,388.0090000629425,2.2686799700636966e6,2.270693e6,2.275237e6,1.278156e6,150,0.075,8,7,3,6,997081.0,5,5,4,success,
inst_16_first_instance_set_medium_2000_400_50,16,pdisp,2000,400,50,0.003999948501586914,5.4730000495910645,0.029000043869018555,69.02900004386902,74.57800006866455,1.9416267896188693e6,1.943745e6,1.955443e6,1.328326e6,149,0.0745,6,6,0,5,627117.0,4,4,2,success,
inst_16_first_instance_set_medium_2000_400_50,16,multi_pdp,2000,400,50,300.3800001144409,5.889999866485596,0.01900005340576172,32.41799998283386,338.74000000953674,1.3761246642245005e6,1.375624e6,1.38161e6,1.255566e6,137,0.0685,2,3,0,4,126044.0,3,3,2,success,
inst_16_first_instance_set_medium_2000_400_50,16,multi_p_median,2000,400,50,116.97900009155273,6.483000040054321,0.016000032424926758,10.19100022315979,133.72699999809265,1.1836502574124315e6,1.184244e6,1.190466e6,1.14823e6,136,0.068,7,1,0,3,42236.0,2,1,0,success,
inst_16_first_instance_set_medium_2000_400_50,16,multi_p_median_benders,2000,400,50,152.8989999294281,6.107000112533569,0.018000125885009766,11.782000064849854,170.85199999809265,1.1854909846195527e6,1.185299e6,1.200647e6,1.146492e6,136,0.068,9,0,0,3,54155.0,2,2,1,success,
inst_17_first_instance_set_medium_2000_400_50,17,relaxed,2000,400,50,306.89999985694885,6.570000171661377,0.0279998779296875,62.06500005722046,375.59699988365173,1.7145763738800513e6,1.717413e6,1.719269e6,1.319025e6,138,0.069,5,1,0,6,400244.0,5,5,3,success,
inst_17_first_instance_set_medium_2000_400_50,17,pdisp,2000,400,50,0.003999948501586914,5.73199987411499,0.0280001163482666,59.72000002861023,65.50799989700317,1.8374170022486318e6,1.841138e6,1.850571e6,1.254677e6,137,0.0685,3,3,0,7,595894.0,5,6,4,success,
inst_17_first_instance_set_medium_2000_400_50,17,multi_pdp,2000,400,50,300.35700011253357,6.122999906539917,0.020999908447265625,41.1800000667572,347.7260000705719,1.4002533848134114e6,1.402021e6,1.401203e6,1.234085e6,137,0.0685,11,2,0,5,167118.0,4,4,3,success,
inst_17_first_instance_set_medium_2000_400_50,17,multi_p_median,2000,400,50,93.3289999961853,6.290999889373779,0.04200005531311035,14.766999959945679,114.46599984169006,1.2723831653387684e6,1.270389e6,1.281457e6,1.20333e6,135,0.0675,9,0,0,3,78127.0,2,2,1,success,
inst_17_first_instance_set_medium_2000_400_50,17,multi_p_median_benders,2000,400,50,120.87999987602234,6.026000022888184,0.03299999237060547,14.983999967575073,141.94999980926514,1.2723831653387684e6,1.270389e6,1.281457e6,1.20333e6,135,0.0675,9,0,0,3,78127.0,2,2,1,success,
inst_18_first_instance_set_medium_2000_400_50,18,relaxed,2000,400,50,306.8989999294281,6.781000137329102,0.01699995994567871,62.513999938964844,376.23600006103516,2.178648853121517e6,2.180757e6,2.191331e6,1.367567e6,149,0.0745,0,8,0,6,823764.0,5,5,4,success,
inst_18_first_instance_set_medium_2000_400_50,18,pdisp,2000,400,50,0.006999969482421875,5.374000072479248,0.018000125885009766,66.6949999332428,72.11600017547607,1.835163340197058e6,1.835609e6,1.846096e6,1.244166e6,134,0.067,2,7,0,8,601930.0,7,6,4,success,
inst_18_first_instance_set_medium_2000_400_50,18,multi_pdp,2000,400,50,300.34999990463257,5.9700000286102295,0.023000001907348633,33.74500012397766,340.12199997901917,1.400791460627123e6,1.400584e6,1.412742e6,1.218381e6,131,0.0655,2,3,0,4,194361.0,3,3,2,success,
inst_18_first_instance_set_medium_2000_400_50,18,multi_p_median,2000,400,50,99.9980001449585,6.898000001907349,0.018999814987182617,7.390000104904175,114.33100008964539,1.1563352465744303e6,1.155529e6,1.158257e6,1.124373e6,137,0.0685,3,1,0,2,33884.0,1,1,0,success,
inst_18_first_instance_set_medium_2000_400_50,18,multi_p_median_benders,2000,400,50,101.29199981689453,5.992000102996826,0.029000043869018555,7.4709999561309814,114.82799983024597,1.1563352465744303e6,1.155529e6,1.158257e6,1.124373e6,137,0.0685,3,1,0,2,33884.0,1,1,0,success,
inst_19_first_instance_set_medium_2000_400_50,19,relaxed,2000,400,50,306.99000000953674,6.653000116348267,0.023999929428100586,31.830999851226807,345.5220000743866,1.6224610588648415e6,1.620617e6,1.632958e6,1.301058e6,141,0.0705,9,5,0,6,331900.0,5,5,4,success,
inst_19_first_instance_set_medium_2000_400_50,19,pdisp,2000,400,50,0.004000186920166016,5.628000020980835,0.026999950408935547,57.75,63.44500017166138,1.7252760503029465e6,1.728791e6,1.732452e6,1.251535e6,139,0.0695,5,2,0,5,480917.0,4,4,3,success,
inst_19_first_instance_set_medium_2000_400_50,19,multi_pdp,2000,400,50,300.3359999656677,5.9670000076293945,0.03099989891052246,43.45199990272522,349.8090000152588,1.3328234564854235e6,1.331893e6,1.345292e6,1.190344e6,138,0.069,9,0,0,5,154948.0,4,4,4,success,
inst_19_first_instance_set_medium_2000_400_50,19,multi_p_median,2000,400,50,165.4190001487732,6.708999872207642,0.013000011444091797,9.050000190734863,181.23600006103516,1.184254628930585e6,1.178658e6,1.180436e6,1.144542e6,138,0.069,1,2,0,2,35894.0,1,1,0,success,
inst_19_first_instance_set_medium_2000_400_50,19,multi_p_median_benders,2000,400,50,96.50899982452393,5.943000078201294,0.010999917984008789,9.109999895095825,111.61500000953674,1.184254628930585e6,1.178658e6,1.180436e6,1.144542e6,138,0.069,1,2,0,2,35894.0,1,1,0,success,
inst_1_first_instance_set_medium_2000_400_50,1,relaxed,2000,400,50,307.1929998397827,6.7200000286102295,0.01900005340576172,36.753000020980835,350.7259998321533,1.6369770837639256e6,1.636012e6,1.641301e6,1.317127e6,145,0.0725,4,5,0,7,324174.0,6,6,4,success,
inst_1_first_instance_set_medium_2000_400_50,1,pdisp,2000,400,50,0.004999876022338867,5.427000045776367,0.01399993896484375,72.25899982452393,77.73699998855591,1.861660689352294e6,1.862953e6,1.86442e6,1.244326e6,141,0.0705,1,5,0,6,620094.0,5,4,3,success,
inst_1_first_instance_set_medium_2000_400_50,1,multi_pdp,2000,400,50,300.3439998626709,5.973999977111816,0.01699995994567871,34.83399987220764,341.20899987220764,1.4123167868822743e6,1.412839e6,1.411908e6,1.255326e6,141,0.0705,4,2,0,4,156582.0,2,3,2,success,
inst_1_first_instance_set_medium_2000_400_50,1,multi_p_median,2000,400,50,289.06900000572205,6.424000024795532,0.012000083923339844,14.04800009727478,309.5859999656677,1.185358820137944e6,1.183236e6,1.183863e6,1.142213e6,141,0.0705,1,1,0,3,41650.0,2,1,1,success,
inst_1_first_instance_set_medium_2000_400_50,1,multi_p_median_benders,2000,400,50,117.58899998664856,6.259000062942505,0.012000083923339844,14.299999952316284,138.1909999847412,1.185358820137944e6,1.183236e6,1.183863e6,1.142213e6,141,0.0705,1,1,0,3,41650.0,2,1,1,success,
inst_20_first_instance_set_medium_2000_400_50,20,relaxed,2000,400,50,306.82800006866455,6.64300012588501,0.021999835968017578,47.25099992752075,360.7640001773834,1.606625726843635e6,1.609497e6,1.612461e6,1.226688e6,140,0.07,2,4,0,6,385773.0,5,5,4,success,
inst_20_first_instance_set_medium_2000_400_50,20,pdisp,2000,400,50,0.004000186920166016,5.61299991607666,0.03099989891052246,72.28999996185303,77.97000002861023,1.7883665409240844e6,1.781821e6,1.812004e6,1.251417e6,146,0.073,6,8,0,5,560587.0,4,4,2,success,
inst_20_first_instance_set_medium_2000_400_50,20,multi_pdp,2000,400,50,300.26399993896484,5.986000061035156,0.010999917984008789,27.484999895095825,333.789999961853,1.3716484221057927e6,1.370013e6,1.371741e6,1.199037e6,138,0.069,1,3,0,4,172704.0,3,2,2,success,
inst_20_first_instance_set_medium_2000_400_50,20,multi_p_median,2000,400,50,261.73800015449524,6.512999773025513,0.005000114440917969,14.246999979019165,282.5510001182556,1.1699354207363632e6,1.169389e6,1.169941e6,1.122767e6,136,0.068,0,1,0,3,47174.0,2,1,0,success,
inst_20_first_instance_set_medium_2000_400_50,20,multi_p_median_benders,2000,400,50,73.16400003433228,6.123999834060669,0.003999948501586914,14.61900019645691,93.94299983978271,1.1699354207363632e6,1.169389e6,1.169941e6,1.122767e6,136,0.068,0,1,0,3,47174.0,2,1,0,success,
inst_21_first_instance_set_medium_2000_400_50,21,relaxed,2000,400,50,307.34699988365173,6.416000127792358,0.006000041961669922,47.11299991607666,360.9430000782013,1.8827298360673687e6,1.877257e6,1.883107e6,1.335525e6,145,0.0725,4,5,0,5,547582.0,4,4,3,success,
inst_21_first_instance_set_medium_2000_400_50,21,pdisp,2000,400,50,0.003999948501586914,5.430000066757202,0.009000062942504883,48.194000005722046,53.67899990081787,1.7473925149905283e6,1.744371e6,1.748683e6,1.313886e6,142,0.071,2,4,0,7,434797.0,6,6,3,success,
inst_21_first_instance_set_medium_2000_400_50,21,multi_pdp,2000,400,50,239.23099994659424,5.914000034332275,0.02500009536743164,30.88599991798401,276.10199999809265,1.3639206653392145e6,1.363216e6,1.365131e6,1.242544e6,134,0.067,3,1,0,4,122587.0,3,3,2,success,
inst_21_first_instance_set_medium_2000_400_50,21,multi_p_median,2000,400,50,223.55399990081787,6.536999940872192,0.016000032424926758,8.823000192642212,238.97199988365173,1.189649976865279e6,1.188873e6,1.190433e6,1.153005e6,132,0.066,1,2,0,3,37428.0,2,2,0,success,
inst_21_first_instance_set_medium_2000_400_50,21,multi_p_median_benders,2000,400,50,155.23399996757507,6.087000131607056,0.01399993896484375,8.849999904632568,170.22300004959106,1.189649976865279e6,1.188873e6,1.190433e6,1.153005e6,132,0.066,1,2,0,3,37428.0,2,2,0,success,
inst_22_first_instance_set_medium_2000_400_50,22,relaxed,2000,400,50,307.62399983406067,6.7220001220703125,0.023000001907348633,51.58500003814697,365.9889998435974,1.994225817477127e6,1.993169e6,1.997652e6,1.2607e6,140,0.07,3,3,0,6,736952.0,5,5,3,success,
inst_22_first_instance_set_medium_2000_400_50,22,pdisp,2000,400,50,0.004999876022338867,5.50600004196167,0.03500008583068848,51.07699990272522,56.65400004386902,1.83120757967461e6,1.826573e6,1.831054e6,1.236982e6,142,0.071,6,5,0,5,594072.0,4,3,2,success,
inst_22_first_instance_set_medium_2000_400_50,22,multi_pdp,2000,400,50,283.1619999408722,5.812000036239624,0.02499985694885254,28.712000131607056,317.73099994659424,1.3294908647493895e6,1.331653e6,1.330124e6,1.223652e6,138,0.069,2,4,0,4,106472.0,3,3,2,success,
inst_22_first_instance_set_medium_2000_400_50,22,multi_p_median,2000,400,50,143.86800003051758,6.335000038146973,0.020999908447265625,16.20800018310547,166.49200010299683,1.1404862035854817e6,1.137894e6,1.150476e6,1.108615e6,130,0.065,7,0,0,3,41861.0,2,2,1,success,
inst_22_first_instance_set_medium_2000_400_50,22,multi_p_median_benders,2000,400,50,90.09500002861023,5.462000131607056,0.023999929428100586,16.341000080108643,111.95300006866455,1.1404862035854817e6,1.137894e6,1.150476e6,1.108615e6,130,0.065,7,0,0,3,41861.0,2,2,1,success,
inst_23_first_instance_set_medium_2000_400_50,23,relaxed,2000,400,50,306.9689998626709,6.854000091552734,0.029999971389770508,123.70500016212463,437.5979998111725,2.330104662763788e6,2.328575e6,2.335103e6,1.290572e6,144,0.072,5,6,0,8,1.044531e6,7,6,4,success,
inst_23_first_instance_set_medium_2000_400_50,23,pdisp,2000,400,50,0.004999876022338867,5.328999996185303,0.01399993896484375,72.15300011634827,77.54999995231628,1.7952108258509361e6,1.794069e6,1.797029e6,1.253038e6,143,0.0715,1,3,0,7,543991.0,6,6,3,success,
inst_23_first_instance_set_medium_2000_400_50,23,multi_pdp,2000,400,50,300.2890000343323,5.7850000858306885,0.009999990463256836,28.550999879837036,334.6710000038147,1.2917950120342784e6,1.292012e6,1.292913e6,1.185267e6,140,0.07,0,1,0,5,107646.0,4,4,1,success,
inst_23_first_instance_set_medium_2000_400_50,23,multi_p_median,2000,400,50,179.17199993133545,6.386000156402588,0.011999845504760742,14.269999980926514,199.88199996948242,1.1957913640946855e6,1.197818e6,1.199452e6,1.156015e6,135,0.0675,1,2,0,4,43437.0,3,3,1,success,
inst_23_first_instance_set_medium_2000_400_50,23,multi_p_median_benders,2000,400,50,128.48799991607666,6.01200008392334,0.008999824523925781,14.333999872207642,148.86999988555908,1.1957913640946855e6,1.197818e6,1.199452e6,1.156015e6,135,0.0675,1,2,0,4,43437.0,3,3,1,success,
inst_24_first_instance_set_medium_2000_400_50,24,relaxed,2000,400,50,306.7569999694824,6.668999910354614,0.01900005340576172,106.57500004768372,420.0460000038147,2.17616625974332e6,2.17982e6,2.191615e6,1.521703e6,145,0.0725,4,6,0,5,669912.0,4,4,3,success,
inst_24_first_instance_set_medium_2000_400_50,24,pdisp,2000,400,50,0.004000186920166016,5.8349997997283936,0.021000146865844727,69.35500001907349,75.24900007247925,1.872239727277654e6,1.872525e6,1.876853e6,1.233206e6,140,0.07,2,7,0,6,643647.0,5,5,3,success,
inst_24_first_instance_set_medium_2000_400_50,24,multi_pdp,2000,400,50,300.260999917984,6.127000093460083,0.019999980926513672,25.717999935150146,332.15000009536743,1.3921024232152647e6,1.389602e6,1.392838e6,1.213077e6,140,0.07,5,2,0,4,179761.0,3,3,2,success,
inst_24_first_instance_set_medium_2000_400_50,24,multi_p_median,2000,400,50,91.43400001525879,6.301999807357788,0.021000146865844727,16.019999980926514,113.7960000038147,1.214189216729119e6,1.214846e6,1.218289e6,1.154934e6,131,0.0655,2,1,0,4,63355.0,3,2,1,success,
inst_24_first_instance_set_medium_2000_400_50,24,multi_p_median_benders,2000,400,50,111.77699995040894,5.753999948501587,0.017999887466430664,16.158000230789185,133.73099994659424,1.214189216729119e6,1.214846e6,1.218289e6,1.154934e6,131,0.0655,2,1,0,4,63355.0,3,2,1,success,
inst_25_first_instance_set_medium_2000_400_50,25,relaxed,2000,400,50,306.7909998893738,6.6579999923706055,0.026000022888183594,42.34400010108948,355.8529999256134,1.7941911404533226e6,1.79459e6,1.798775e6,1.300647e6,146,0.073,1,4,0,6,498128.0,5,5,4,success,
inst_25_first_instance_set_medium_2000_400_50,25,pdisp,2000,400,50,0.004999876022338867,5.391000032424927,0.013000011444091797,49.354000091552734,54.80200004577637,1.8708187814038687e6,1.879032e6,1.887767e6,1.348415e6,138,0.069,2,2,0,6,539352.0,5,4,3,success,
inst_25_first_instance_set_medium_2000_400_50,25,multi_pdp,2000,400,50,300.3819999694824,5.9730000495910645,0.01699995994567871,27.631999969482422,334.0390000343323,1.4141423182500233e6,1.410084e6,1.419195e6,1.225741e6,141,0.0705,5,2,0,4,193454.0,3,3,2,success,
inst_25_first_instance_set_medium_2000_400_50,25,multi_p_median,2000,400,50,92.0329999923706,6.323999881744385,0.023000001907348633,12.999000072479248,111.4079999923706,1.1655438601259356e6,1.167864e6,1.175405e6,1.129239e6,140,0.07,3,2,0,3,46166.0,2,2,1,success,
inst_25_first_instance_set_medium_2000_400_50,25,multi_p_median_benders,2000,400,50,84.5019998550415,5.716000080108643,0.012000083923339844,13.149999856948853,103.40599989891052,1.1648966595553984e6,1.166226e6,1.167213e6,1.127229e6,139,0.0695,1,3,0,3,39984.0,2,2,1,success,
inst_2_first_instance_set_medium_2000_400_50,2,relaxed,2000,400,50,306.77999997138977,6.699999809265137,0.023000001907348633,65.3529999256134,378.88899993896484,1.916095758033945e6,1.911967e6,1.921945e6,1.359602e6,139,0.0695,8,3,0,5,562343.0,4,4,1,success,
inst_2_first_instance_set_medium_2000_400_50,2,pdisp,2000,400,50,0.003000020980834961,5.817999839782715,0.03400015830993652,46.2279999256134,52.12100005149841,1.7067575897681424e6,1.707721e6,1.71263e6,1.222645e6,138,0.069,6,0,0,6,489985.0,5,5,2,success,
inst_2_first_instance_set_medium_2000_400_50,2,multi_pdp,2000,400,50,300.2939999103546,6.0970001220703125,0.014999866485595703,19.14299988746643,325.5829999446869,1.3644053159860987e6,1.364001e6,1.36532e6,1.247307e6,134,0.067,3,1,0,4,118013.0,3,2,1,success,
inst_2_first_instance_set_medium_2000_400_50,2,multi_p_median,2000,400,50,205.23300004005432,6.4709999561309814,0.02200007438659668,14.942999839782715,226.69900012016296,1.1631000120134063e6,1.161508e6,1.16972e6,1.133956e6,132,0.066,6,0,0,3,35764.0,2,1,1,success,
inst_2_first_instance_set_medium_2000_400_50,2,multi_p_median_benders,2000,400,50,129.80099987983704,6.0299999713897705,0.023000001907348633,15.072999954223633,150.97399997711182,1.1631000120134063e6,1.161508e6,1.16972e6,1.133956e6,132,0.066,6,0,0,3,35764.0,2,1,1,success,
inst_3_first_instance_set_medium_2000_400_50,3,relaxed,2000,400,50,307.58899998664856,6.255000114440918,0.023999929428100586,43.85199999809265,357.75600004196167,2.0175835361520082e6,2.016888e6,2.032955e6,1.315646e6,147,0.0735,2,8,0,5,717309.0,4,3,2,success,
inst_3_first_instance_set_medium_2000_400_50,3,pdisp,2000,400,50,0.003999948501586914,5.908999919891357,0.016000032424926758,64.44899988174438,70.43499994277954,1.9733736958784903e6,1.967187e6,1.976092e6,1.30442e6,147,0.0735,6,4,0,6,671672.0,5,4,3,success,
inst_3_first_instance_set_medium_2000_400_50,3,multi_pdp,2000,400,50,299.643000125885,6.222999811172485,0.01900005340576172,27.177000045776367,333.1029999256134,1.4089835101776607e6,1.410611e6,1.411545e6,1.243092e6,131,0.0655,1,0,0,4,168453.0,3,3,1,success,
inst_3_first_instance_set_medium_2000_400_50,3,multi_p_median,2000,400,50,115.91000008583069,6.50600004196167,0.017999887466430664,7.919000148773193,130.40000009536743,1.125688747741471e6,1.124663e6,1.128657e6,1.104754e6,139,0.0695,2,0,0,3,23903.0,2,2,0,success,
inst_3_first_instance_set_medium_2000_400_50,3,multi_p_median_benders,2000,400,50,109.95600008964539,5.781999826431274,0.013000011444091797,8.240000009536743,124.03900003433228,1.125688747741471e6,1.124663e6,1.128657e6,1.104754e6,139,0.0695,2,0,0,3,23903.0,2,2,0,success,
inst_4_first_instance_set_medium_2000_400_50,4,relaxed,2000,400,50,307.34100008010864,6.553999900817871,0.006000041961669922,41.2039999961853,355.1510000228882,1.8649890474197867e6,1.864102e6,1.866873e6,1.300261e6,145,0.0725,0,3,0,5,566612.0,4,3,2,success,
inst_4_first_instance_set_medium_2000_400_50,4,pdisp,2000,400,50,0.003999948501586914,5.934000015258789,1.4950001239776611,67.11100006103516,74.56799983978271,1.707158281906422e6,1.705223e6,1.719311e6,1.317094e6,140,0.07,8,3,1,6,402217.0,5,5,4,success,
inst_4_first_instance_set_medium_2000_400_50,4,multi_pdp,2000,400,50,300.2630000114441,6.039999961853027,0.014999866485595703,33.68899989128113,340.0479998588562,1.2949972394147464e6,1.299945e6,1.303067e6,1.178395e6,140,0.07,2,0,0,5,124672.0,4,3,2,success,
inst_4_first_instance_set_medium_2000_400_50,4,multi_p_median,2000,400,50,102.10899996757507,6.406000137329102,0.017999887466430664,12.295000076293945,120.86199998855591,1.224860457263072e6,1.221404e6,1.232292e6,1.181269e6,136,0.068,3,0,0,4,51023.0,3,2,1,success,
inst_4_first_instance_set_medium_2000_400_50,4,multi_p_median_benders,2000,400,50,96.9079999923706,5.546000003814697,0.013000011444091797,12.536999940872192,115.04700016975403,1.224860457263072e6,1.221404e6,1.232292e6,1.181269e6,136,0.068,3,0,0,4,51023.0,3,2,1,success,
inst_5_first_instance_set_medium_2000_400_50,5,relaxed,2000,400,50,307.2189998626709,6.541000127792358,0.019999980926513672,39.1489999294281,352.9619998931885,1.6385582792287397e6,1.63611e6,1.640367e6,1.261385e6,141,0.0705,5,4,0,6,378982.0,5,5,3,success,
inst_5_first_instance_set_medium_2000_400_50,5,pdisp,2000,400,50,0.003999948501586914,5.396000146865845,0.026999950408935547,61.25200009346008,66.72500014305115,1.788491339546352e6,1.78979e6,1.800525e6,1.293342e6,144,0.072,5,4,0,5,507183.0,4,4,3,success,
inst_5_first_instance_set_medium_2000_400_50,5,multi_pdp,2000,400,50,300.40300011634827,6.11299991607666,0.021000146865844727,30.18999981880188,336.7550001144409,1.3683535349514782e6,1.370122e6,1.372664e6,1.208671e6,133,0.0665,2,3,0,5,163993.0,4,3,3,success,
inst_5_first_instance_set_medium_2000_400_50,5,multi_p_median,2000,400,50,151.90100002288818,6.547000169754028,0.017999887466430664,14.77999997138977,173.27100014686584,1.2028172952547441e6,1.197698e6,1.20001e6,1.158401e6,136,0.068,3,1,0,3,41609.0,2,2,1,success,
inst_5_first_instance_set_medium_2000_400_50,5,multi_p_median_benders,2000,400,50,84.92499995231628,5.604000091552734,0.019999980926513672,15.049999952316284,105.63800001144409,1.2028172952547441e6,1.197698e6,1.20001e6,1.158401e6,136,0.068,3,1,0,3,41609.0,2,2,1,success,
inst_6_first_instance_set_medium_2000_400_50,6,relaxed,2000,400,50,306.99000000953674,6.74399995803833,0.029999971389770508,82.48000001907349,396.2760000228882,1.8322678618386816e6,1.828138e6,1.834121e6,1.284572e6,136,0.068,4,5,0,6,549549.0,4,5,4,success,
inst_6_first_instance_set_medium_2000_400_50,6,pdisp,2000,400,50,0.005000114440917969,5.355999946594238,0.039999961853027344,68.8730001449585,74.30100011825562,1.9172216453269408e6,1.914374e6,1.925605e6,1.27748e6,143,0.0715,5,5,0,6,648125.0,5,5,3,success,
inst_6_first_instance_set_medium_2000_400_50,6,multi_pdp,2000,400,50,300.3109998703003,5.943000078201294,0.02200007438659668,30.837000131607056,337.1489999294281,1.402866871012943e6,1.402296e6,1.40983e6,1.237442e6,140,0.07,5,1,0,4,172388.0,3,3,2,success,
inst_6_first_instance_set_medium_2000_400_50,6,multi_p_median,2000,400,50,84.7039999961853,6.314000129699707,0.04999995231628418,13.384000062942505,104.48699998855591,1.2161309216344878e6,1.210267e6,1.214582e6,1.165894e6,142,0.071,3,3,0,3,48688.0,2,2,1,success,
inst_6_first_instance_set_medium_2000_400_50,6,multi_p_median_benders,2000,400,50,90.63800001144409,5.58899998664856,0.023000001907348633,13.529000043869019,109.81799983978271,1.2161309216344878e6,1.210267e6,1.214582e6,1.165894e6,142,0.071,3,3,0,3,48688.0,2,2,1,success,
inst_7_first_instance_set_medium_2000_400_50,7,relaxed,2000,400,50,0.0,0.0,0.0,0.0,307.0840001106262,0.0,0.0,0.0,0.0,0,0.0,0,0,0,0,0.0,0,0,0,error,Result index of attribute MathOptInterface.VariablePrimal(1) out of bounds. There are currently 0 solution(s) in the model.
inst_7_first_instance_set_medium_2000_400_50,7,pdisp,2000,400,50,0.0019998550415039062,6.958000183105469,0.007999897003173828,43.52500009536743,50.53699994087219,1.6808948386100023e6,1.681601e6,1.684559e6,1.341264e6,147,0.0735,3,3,0,4,343295.0,3,3,2,success,
inst_7_first_instance_set_medium_2000_400_50,7,multi_pdp,2000,400,50,300.27500009536743,6.044999837875366,0.0279998779296875,47.973999977111816,354.38499999046326,1.3430129172780458e6,1.34128e6,1.354487e6,1.196366e6,145,0.0725,7,2,0,8,158121.0,6,7,3,success,
inst_7_first_instance_set_medium_2000_400_50,7,multi_p_median,2000,400,50,139.52500009536743,6.61899995803833,0.02500009536743164,15.680999994277954,161.8730001449585,1.1712811113392408e6,1.171007e6,1.177773e6,1.133735e6,136,0.068,7,3,0,4,44038.0,2,3,2,success,
inst_7_first_instance_set_medium_2000_400_50,7,multi_p_median_benders,2000,400,50,137.8329999446869,5.674999952316284,0.0279998779296875,15.95199990272522,159.53600001335144,1.1712811113392408e6,1.171007e6,1.177773e6,1.133735e6,136,0.068,7,3,0,4,44038.0,2,3,2,success,
inst_8_first_instance_set_medium_2000_400_50,8,relaxed,2000,400,50,306.827999830246,6.3480000495910645,0.012000083923339844,43.9520001411438,357.17400002479553,1.7859622302061853e6,1.788142e6,1.791649e6,1.26125e6,141,0.0705,3,5,0,5,530399.0,4,4,3,success,
inst_8_first_instance_set_medium_2000_400_50,8,pdisp,2000,400,50,0.004999876022338867,5.245000123977661,0.017999887466430664,75.47499990463257,80.7889997959137,1.8124019175992417e6,1.814335e6,1.81906e6,1.302918e6,144,0.072,5,4,0,7,516142.0,6,5,4,success,
inst_8_first_instance_set_medium_2000_400_50,8,multi_pdp,2000,400,50,300.3030002117157,6.023000001907349,1.5289998054504395,39.99300003051758,347.8730001449585,1.3766819446248435e6,1.379175e6,1.382361e6,1.209163e6,143,0.0715,6,4,2,5,173198.0,4,3,2,success,
inst_8_first_instance_set_medium_2000_400_50,8,multi_p_median,2000,400,50,77.77699995040894,6.683000087738037,1.4849998950958252,13.07200002670288,99.06100010871887,1.1839439125037817e6,1.180788e6,1.184674e6,1.151966e6,138,0.069,2,4,1,2,32708.0,1,1,0,success,
inst_8_first_instance_set_medium_2000_400_50,8,multi_p_median_benders,2000,400,50,73.23600006103516,5.514999866485596,0.02500009536743164,6.696000099182129,85.50399994850159,1.1788208996349657e6,1.175125e6,1.176399e6,1.14724e6,130,0.065,1,3,0,2,29159.0,1,1,0,success,
inst_9_first_instance_set_medium_2000_400_50,9,relaxed,2000,400,50,307.62999987602234,6.906000137329102,0.014999866485595703,77.16499996185303,391.74000000953674,2.3699681578642707e6,2.371283e6,2.38147e6,1.309805e6,149,0.0745,8,7,0,6,1.071665e6,4,5,4,success,
inst_9_first_instance_set_medium_2000_400_50,9,pdisp,2000,400,50,0.004999876022338867,5.496000051498413,0.02500009536743164,53.157999992370605,58.723999977111816,1.9283331512769086e6,1.926535e6,1.947734e6,1.309127e6,142,0.071,3,3,0,4,638607.0,3,3,2,success,
inst_9_first_instance_set_medium_2000_400_50,9,multi_pdp,2000,400,50,300.32599997520447,6.182000160217285,0.016000032424926758,32.85899996757507,339.404000043869,1.3443350968467717e6,1.344956e6,1.345926e6,1.218153e6,134,0.067,2,0,0,4,127773.0,3,3,2,success,
inst_9_first_instance_set_medium_2000_400_50,9,multi_p_median,2000,400,50,68.7720000743866,6.703000068664551,0.023999929428100586,21.663000106811523,97.19500017166138,1.2389035524249007e6,1.23306e6,1.25012e6,1.175456e6,137,0.0685,6,0,0,4,74664.0,3,2,2,success,
inst_9_first_instance_set_medium_2000_400_50,9,multi_p_median_benders,2000,400,50,99.18999981880188,5.580000162124634,0.029000043869018555,21.88100004196167,126.70799994468689,1.2389035524249007e6,1.23306e6,1.25012e6,1.175456e6,137,0.0685,6,0,0,4,74664.0,3,2,2,success,
