instance_id,instance_number,y_method,move_config,B,S,P,construction_time,ls_time,total_time,post_repair_obj,post_ls_obj,ls_iterations,total_ls_improvement,successful_moves_simple,successful_moves_interchange,successful_moves_deactivate,status,rel_ls_improvement,instance_num,p_value,best_bound,optimality_gap
inst_13_first_instance_set_medium_2000_400_50,13,multi_p_median_benders,all_moves,2000,400,50,70.38699984550476,16.492000102996826,86.87899994850159,1178320.0,1139443.0,4,38877.0,3,2,1,success,3.2993584085817,13,50,1068372.2977687474,6.237319658048061
inst_13_first_instance_set_medium_2000_400_50,13,multi_p_median_benders,simple_interchange,2000,400,50,70.38699984550476,4.58899998664856,74.97599983215332,1178320.0,1146217.0,2,32103.0,1,1,0,success,2.72447212981193,13,50,1068372.2977687474,6.7914454445582795
inst_13_first_instance_set_medium_2000_400_50,13,multi_p_median_benders,simple_deactivate,2000,400,50,70.38699984550476,9.023000001907349,79.40999984741211,1178320.0,1148367.0,3,29953.0,2,0,1,success,2.54200896191187,13,50,1068372.2977687474,6.96595271644453
inst_13_first_instance_set_medium_2000_400_50,13,multi_p_median_benders,interchange_deactivate,2000,400,50,70.38699984550476,19.70799994468689,90.09499979019164,1178320.0,1145836.0,3,32484.0,0,2,1,success,2.75680630049562,13,50,1068372.2977687474,6.760452824946377
inst_22_first_instance_set_medium_2000_400_30,22,multi_p_median_benders,all_moves,2000,400,30,122.9210000038147,7.752000093460083,130.67300009727478,1460424.0,1434314.0,3,26110.0,2,1,1,success,1.7878369569385302,22,30,1395348.4575328848,2.7166675126307918
inst_22_first_instance_set_medium_2000_400_30,22,multi_p_median_benders,simple_interchange,2000,400,30,122.9210000038147,2.2350001335144043,125.1560001373291,1460424.0,1434495.0,3,25929.0,2,1,0,success,1.77544329591954,22,30,1395348.4575328848,2.7289424129826325
inst_22_first_instance_set_medium_2000_400_30,22,multi_p_median_benders,simple_deactivate,2000,400,30,122.9210000038147,4.072000026702881,126.99300003051758,1460424.0,1436341.0,2,24083.0,1,0,1,success,1.64904164817888,22,30,1395348.4575328848,2.8539561613234747
inst_22_first_instance_set_medium_2000_400_30,22,multi_p_median_benders,interchange_deactivate,2000,400,30,122.9210000038147,10.736000061035156,133.65700006484985,1460424.0,1440314.0,3,20110.0,0,2,1,success,1.3769973651487502,22,30,1395348.4575328848,3.1219263623845364
inst_19_first_instance_set_medium_2000_400_40,19,multi_p_median_benders,all_moves,2000,400,40,161.60599994659424,11.008999824523926,172.61499977111816,1266101.0,1228374.0,3,37727.0,2,2,1,success,2.9797780745769797,19,40,1191585.6528333763,2.994881621283395
inst_19_first_instance_set_medium_2000_400_40,19,multi_p_median_benders,simple_interchange,2000,400,40,161.60599994659424,3.4160001277923584,165.0220000743866,1266101.0,1230788.0,3,35313.0,2,1,0,success,2.78911398063819,19,40,1191585.6528333763,3.185142133870633
inst_19_first_instance_set_medium_2000_400_40,19,multi_p_median_benders,simple_deactivate,2000,400,40,161.60599994659424,9.217999935150146,170.82399988174438,1266101.0,1233536.0,3,32565.0,2,0,2,success,2.57206968480397,19,40,1191585.6528333763,3.4008206624390116
inst_19_first_instance_set_medium_2000_400_40,19,multi_p_median_benders,interchange_deactivate,2000,400,40,161.60599994659424,17.346999883651733,178.95299983024597,1266101.0,1229506.0,3,36595.0,0,2,1,success,2.890369725638,19,40,1191585.6528333763,3.084193746644887
inst_16_first_instance_set_medium_2000_400_40,16,multi_p_median_benders,all_moves,2000,400,40,137.53000020980835,7.174000024795532,144.70400023460388,1306851.0,1265565.0,3,41286.0,2,2,1,success,3.15919718468287,16,40,1203892.5685366828,4.873114495369045
inst_16_first_instance_set_medium_2000_400_40,16,multi_p_median_benders,simple_interchange,2000,400,40,137.53000020980835,3.2719998359680176,140.80200004577637,1306851.0,1272944.0,2,33907.0,1,1,0,success,2.5945574514615597,16,40,1203892.5685366828,5.42454589230298
inst_16_first_instance_set_medium_2000_400_40,16,multi_p_median_benders,simple_deactivate,2000,400,40,137.53000020980835,3.488999843597412,141.01900005340576,1306851.0,1271073.0,3,35778.0,2,0,1,success,2.73772602997587,16,40,1203892.5685366828,5.2853322714995326
inst_16_first_instance_set_medium_2000_400_40,16,multi_p_median_benders,interchange_deactivate,2000,400,40,137.53000020980835,17.263999938964844,154.7940001487732,1306851.0,1271095.0,3,35756.0,0,2,1,success,2.7360425939912,16,40,1203892.5685366828,5.286971584603609
inst_18_first_instance_set_medium_2000_400_50,18,multi_p_median_benders,all_moves,2000,400,50,105.82200002670288,7.075000047683716,112.8970000743866,1158257.0,1124373.0,2,33884.0,1,1,0,success,2.92543019381708,18,50,1059191.6354662408,5.797130003456076
inst_18_first_instance_set_medium_2000_400_50,18,multi_p_median_benders,simple_interchange,2000,400,50,105.82200002670288,3.66100001335144,109.48300004005432,1158257.0,1124373.0,2,33884.0,1,1,0,success,2.92543019381708,18,50,1059191.6354662408,5.797130003456076
inst_18_first_instance_set_medium_2000_400_50,18,multi_p_median_benders,simple_deactivate,2000,400,50,105.82200002670288,3.634000062942505,109.4560000896454,1158257.0,1133620.0,2,24637.0,1,0,0,success,2.1270754245387598,18,50,1059191.6354662408,6.565547937912103
inst_18_first_instance_set_medium_2000_400_50,18,multi_p_median_benders,interchange_deactivate,2000,400,50,105.82200002670288,12.014999866485596,117.83699989318848,1158257.0,1133622.0,2,24635.0,0,1,0,success,2.12690275128922,18,50,1059191.6354662408,6.565712780252958
inst_1_first_instance_set_medium_2000_400_30,1,multi_p_median_benders,all_moves,2000,400,30,158.7059998512268,7.444999933242798,166.1509997844696,1437381.0,1402483.0,3,34898.0,2,2,0,success,2.42788794341931,1,30,1386449.4357110772,1.1432269973270848
inst_1_first_instance_set_medium_2000_400_30,1,multi_p_median_benders,simple_interchange,2000,400,30,158.7059998512268,3.7100000381469727,162.41599988937378,1437381.0,1402483.0,3,34898.0,2,2,0,success,2.42788794341931,1,30,1386449.4357110772,1.1432269973270848
inst_1_first_instance_set_medium_2000_400_30,1,multi_p_median_benders,simple_deactivate,2000,400,30,158.7059998512268,2.5839998722076416,161.28999972343445,1437381.0,1407131.0,2,30250.0,1,0,0,success,2.1045220439117998,1,30,1386449.4357110772,1.469768222640452
inst_1_first_instance_set_medium_2000_400_30,1,multi_p_median_benders,interchange_deactivate,2000,400,30,158.7059998512268,12.746999979019163,171.45299983024597,1437381.0,1405478.0,2,31903.0,0,1,0,success,2.21952286832788,1,30,1386449.4357110772,1.3538856025439614
inst_10_first_instance_set_medium_2000_400_50,10,multi_p_median_benders,all_moves,2000,400,50,99.21199989318848,11.049000024795532,110.260999917984,1185192.0,1135970.0,2,49222.0,1,1,0,success,4.15308236977637,10,50,1071336.9983943475,5.689675044732916
inst_10_first_instance_set_medium_2000_400_50,10,multi_p_median_benders,simple_interchange,2000,400,50,99.21199989318848,7.970999956130981,107.18299984931946,1185192.0,1135970.0,2,49222.0,1,1,0,success,4.15308236977637,10,50,1071336.9983943475,5.689675044732916
inst_10_first_instance_set_medium_2000_400_50,10,multi_p_median_benders,simple_deactivate,2000,400,50,99.21199989318848,3.441999912261963,102.65399980545044,1185192.0,1150812.0,2,34380.0,1,0,0,success,2.90079582042403,10,50,1071336.9983943475,6.905993472926291
inst_10_first_instance_set_medium_2000_400_50,10,multi_p_median_benders,interchange_deactivate,2000,400,50,99.21199989318848,15.622000217437744,114.83400011062622,1185192.0,1145833.0,2,39359.0,0,1,0,success,3.32089652984495,10,50,1071336.9983943475,6.501471122375818
inst_14_first_instance_set_medium_2000_400_50,14,multi_p_median_benders,all_moves,2000,400,50,148.94999980926514,7.328999996185303,156.27899980545044,1156932.0,1125744.0,3,31188.0,2,2,0,success,2.69575048490317,14,50,1079598.3353091937,4.0991259727616844
inst_14_first_instance_set_medium_2000_400_50,14,multi_p_median_benders,simple_interchange,2000,400,50,148.94999980926514,3.651000022888184,152.60099983215332,1156932.0,1125744.0,3,31188.0,2,2,0,success,2.69575048490317,14,50,1079598.3353091937,4.0991259727616844
inst_14_first_instance_set_medium_2000_400_50,14,multi_p_median_benders,simple_deactivate,2000,400,50,148.94999980926514,1.934000015258789,150.88399982452393,1156932.0,1133425.0,2,23507.0,1,0,0,success,2.03183938208987,14,50,1079598.3353091937,4.749027477848671
inst_14_first_instance_set_medium_2000_400_50,14,multi_p_median_benders,interchange_deactivate,2000,400,50,148.94999980926514,8.906000137329102,157.85599994659424,1156932.0,1128211.0,2,28721.0,0,1,0,success,2.48251409763063,14,50,1079598.3353091937,4.308827399378866
inst_6_first_instance_set_medium_2000_400_30,6,multi_p_median_benders,all_moves,2000,400,30,157.5590000152588,5.561000108718872,163.12000012397766,1479977.0,1442844.0,2,37133.0,1,1,1,success,2.50902547809864,6,30,1396358.622135538,3.221788208875117
inst_6_first_instance_set_medium_2000_400_30,6,multi_p_median_benders,simple_interchange,2000,400,30,157.5590000152588,1.6050000190734863,159.16400003433228,1479977.0,1443061.0,2,36916.0,1,1,0,success,2.49436308807501,6,30,1396358.622135538,3.2363412124963595
inst_6_first_instance_set_medium_2000_400_30,6,multi_p_median_benders,simple_deactivate,2000,400,30,157.5590000152588,3.860000133514404,161.4190001487732,1479977.0,1446312.0,2,33665.0,1,0,1,success,2.27469751219106,6,30,1396358.622135538,3.453845219044168
inst_6_first_instance_set_medium_2000_400_30,6,multi_p_median_benders,interchange_deactivate,2000,400,30,157.5590000152588,12.005000114440918,169.5640001296997,1479977.0,1449085.0,2,30892.0,0,1,1,success,2.08732973552967,6,30,1396358.622135538,3.638598002495512
inst_9_first_instance_set_medium_2000_400_40,9,multi_p_median_benders,all_moves,2000,400,40,121.9480001926422,7.450000047683716,129.39800024032593,1372554.0,1314332.0,3,58222.0,2,2,1,success,4.24187317948874,9,40,1203118.865272805,8.461570952179123
inst_9_first_instance_set_medium_2000_400_40,9,multi_p_median_benders,simple_interchange,2000,400,40,121.9480001926422,3.5460000038146973,125.49400019645692,1372554.0,1322057.0,3,50497.0,2,1,0,success,3.67905379314766,9,40,1203118.865272805,8.996445291480995
inst_9_first_instance_set_medium_2000_400_40,9,multi_p_median_benders,simple_deactivate,2000,400,40,121.9480001926422,2.756999969482422,124.70500016212463,1372554.0,1321835.0,2,50719.0,1,0,1,success,3.69522802017261,9,40,1203118.865272805,8.98116139512079
inst_9_first_instance_set_medium_2000_400_40,9,multi_p_median_benders,interchange_deactivate,2000,400,40,121.9480001926422,15.61900019645691,137.56700038909912,1372554.0,1325378.0,3,47176.0,0,2,1,success,3.4370960996798603,9,40,1203118.865272805,9.224472922230104
inst_18_first_instance_set_medium_2000_400_40,18,multi_p_median_benders,all_moves,2000,400,40,86.39100003242493,10.81499981880188,97.2059998512268,1268364.0,1230195.0,3,38169.0,2,2,1,success,3.00930963035847,18,40,1186201.0604495965,3.576176098131069
inst_18_first_instance_set_medium_2000_400_40,18,multi_p_median_benders,simple_interchange,2000,400,40,86.39100003242493,4.210999965667725,90.60199999809264,1268364.0,1236515.0,2,31849.0,1,1,0,success,2.5110299567001197,18,40,1186201.0604495965,4.069011661840213
inst_18_first_instance_set_medium_2000_400_40,18,multi_p_median_benders,simple_deactivate,2000,400,40,86.39100003242493,3.42900013923645,89.82000017166138,1268364.0,1245372.0,2,22992.0,1,0,0,success,1.81272883809379,18,40,1186201.0604495965,4.7512662522044415
inst_18_first_instance_set_medium_2000_400_40,18,multi_p_median_benders,interchange_deactivate,2000,400,40,86.39100003242493,14.663000106811523,101.05400013923644,1268364.0,1238252.0,3,30112.0,0,2,1,success,2.3740818881645898,18,40,1186201.0604495965,4.2035821101361845
inst_17_first_instance_set_medium_2000_400_40,17,multi_p_median_benders,all_moves,2000,400,40,123.64100003242493,9.72099995613098,133.3619999885559,1307953.0,1265853.0,3,42100.0,2,2,1,success,3.21877009342078,17,40,1193281.0818405545,5.733044686819521
inst_17_first_instance_set_medium_2000_400_40,17,multi_p_median_benders,simple_interchange,2000,400,40,123.64100003242493,3.119999885559082,126.760999917984,1307953.0,1269947.0,3,38006.0,2,2,0,success,2.9057619042886,17,40,1193281.0818405545,6.036938404472432
inst_17_first_instance_set_medium_2000_400_40,17,multi_p_median_benders,simple_deactivate,2000,400,40,123.64100003242493,6.950999975204468,130.5920000076294,1307953.0,1272706.0,2,35247.0,1,0,1,success,2.69482160291692,17,40,1193281.0818405545,6.240633591689323
inst_17_first_instance_set_medium_2000_400_40,17,multi_p_median_benders,interchange_deactivate,2000,400,40,123.64100003242493,10.579999923706056,134.22099995613098,1307953.0,1281379.0,2,26574.0,0,1,0,success,2.03172438153358,17,40,1193281.0818405545,6.8752428562857295
inst_22_first_instance_set_medium_2000_400_50,22,multi_p_median_benders,all_moves,2000,400,50,91.91100001335144,15.531000137329102,107.44200015068054,1150476.0,1108615.0,3,41861.0,2,2,1,success,3.6385809004272995,22,50,1073418.132717355,3.1748503567645283
inst_22_first_instance_set_medium_2000_400_50,22,multi_p_median_benders,simple_interchange,2000,400,50,91.91100001335144,4.726999998092651,96.63800001144408,1150476.0,1110871.0,3,39605.0,2,1,0,success,3.4424881527298203,22,50,1073418.132717355,3.3714866336995994
inst_22_first_instance_set_medium_2000_400_50,22,multi_p_median_benders,simple_deactivate,2000,400,50,91.91100001335144,3.884999990463257,95.7960000038147,1150476.0,1123942.0,2,26534.0,1,0,0,success,2.30634971959432,22,50,1073418.132717355,4.495237946677415
inst_22_first_instance_set_medium_2000_400_50,22,multi_p_median_benders,interchange_deactivate,2000,400,50,91.91100001335144,12.258999824523926,104.16999983787537,1150476.0,1117231.0,2,33245.0,0,1,0,success,2.88967349166779,22,50,1073418.132717355,3.921558503357415
inst_20_first_instance_set_medium_2000_400_30,20,multi_p_median_benders,all_moves,2000,400,30,141.34500002861023,6.56499981880188,147.9099998474121,1506920.0,1446681.0,2,60239.0,1,1,1,success,3.99749157221352,20,30,1377428.138069739,4.787016759759815
inst_20_first_instance_set_medium_2000_400_30,20,multi_p_median_benders,simple_interchange,2000,400,30,141.34500002861023,3.9189999103546143,145.26399993896484,1506920.0,1448820.0,2,58100.0,1,1,0,success,3.8555464125501,20,30,1377428.138069739,4.92758672093572
inst_20_first_instance_set_medium_2000_400_30,20,multi_p_median_benders,simple_deactivate,2000,400,30,141.34500002861023,1.7349998950958252,143.07999992370603,1506920.0,1458177.0,2,48743.0,1,0,0,success,3.23461099461152,20,30,1377428.138069739,5.537658455061416
inst_20_first_instance_set_medium_2000_400_30,20,multi_p_median_benders,interchange_deactivate,2000,400,30,141.34500002861023,14.24500012397766,155.5900001525879,1506920.0,1460083.0,3,46837.0,0,2,1,success,3.10812783691237,20,30,1377428.138069739,5.660970090759285
inst_9_first_instance_set_medium_2000_400_30,9,multi_p_median_benders,all_moves,2000,400,30,169.89900016784668,4.383000135421753,174.28200030326843,1446549.0,1412705.0,2,33844.0,1,1,0,success,2.3396373022967003,9,30,1388431.0447305082,1.7182607316808367
inst_9_first_instance_set_medium_2000_400_30,9,multi_p_median_benders,simple_interchange,2000,400,30,169.89900016784668,2.46399998664856,172.36300015449524,1446549.0,1412705.0,2,33844.0,1,1,0,success,2.3396373022967003,9,30,1388431.0447305082,1.7182607316808367
inst_9_first_instance_set_medium_2000_400_30,9,multi_p_median_benders,simple_deactivate,2000,400,30,169.89900016784668,2.0219998359680176,171.9210000038147,1446549.0,1416602.0,2,29947.0,1,0,0,success,2.07023751010162,9,30,1388431.0447305082,1.9886287940784897
inst_9_first_instance_set_medium_2000_400_30,9,multi_p_median_benders,interchange_deactivate,2000,400,30,169.89900016784668,10.833000183105469,180.7320003509521,1446549.0,1416682.0,2,29867.0,0,1,0,success,2.0647071063614097,9,30,1388431.0447305082,1.9941634939592487
inst_24_first_instance_set_medium_2000_400_30,24,multi_p_median_benders,all_moves,2000,400,30,150.6309998035431,6.059999942779541,156.69099974632263,1456389.0,1418824.0,3,37565.0,2,1,0,success,2.5793246172554096,24,30,1381170.0911360125,2.6538815853120292
inst_24_first_instance_set_medium_2000_400_30,24,multi_p_median_benders,simple_interchange,2000,400,30,150.6309998035431,2.7660000324249268,153.39699983596802,1456389.0,1418824.0,3,37565.0,2,1,0,success,2.5793246172554096,24,30,1381170.0911360125,2.6538815853120292
inst_24_first_instance_set_medium_2000_400_30,24,multi_p_median_benders,simple_deactivate,2000,400,30,150.6309998035431,2.3600001335144043,152.9909999370575,1456389.0,1423858.0,2,32531.0,1,0,0,success,2.2336752062807297,24,30,1381170.0911360125,2.9980453713774504
inst_24_first_instance_set_medium_2000_400_30,24,multi_p_median_benders,interchange_deactivate,2000,400,30,150.6309998035431,10.943000078201294,161.57399988174438,1456389.0,1426253.0,2,30136.0,0,1,0,success,2.06922738361797,24,30,1381170.0911360125,3.1609334994553944
inst_4_first_instance_set_medium_2000_400_40,4,multi_p_median_benders,all_moves,2000,400,40,124.15899991989136,4.169000148773193,128.32800006866455,1257490.0,1223928.0,2,33562.0,1,1,0,success,2.6689675464616003,4,40,1191731.0153306297,2.6306273464918153
inst_4_first_instance_set_medium_2000_400_40,4,multi_p_median_benders,simple_interchange,2000,400,40,124.15899991989136,2.171999931335449,126.3309998512268,1257490.0,1223928.0,2,33562.0,1,1,0,success,2.6689675464616003,4,40,1191731.0153306297,2.6306273464918153
inst_4_first_instance_set_medium_2000_400_40,4,multi_p_median_benders,simple_deactivate,2000,400,40,124.15899991989136,2.191999912261963,126.35099983215332,1257490.0,1227927.0,2,29563.0,1,0,0,success,2.35095308909017,4,40,1191731.0153306297,2.947730986399871
inst_4_first_instance_set_medium_2000_400_40,4,multi_p_median_benders,interchange_deactivate,2000,400,40,124.15899991989136,8.793999910354614,132.95299983024597,1257490.0,1231134.0,2,26356.0,0,1,0,success,2.09592123993033,4,40,1191731.0153306297,3.2005439431751816
inst_21_first_instance_set_medium_2000_400_30,21,multi_p_median_benders,all_moves,2000,400,30,163.19700002670288,6.052999973297119,169.25,1468095.0,1428343.0,3,39752.0,2,1,0,success,2.70772667981295,21,30,1386719.1972242435,2.914132164035981
inst_21_first_instance_set_medium_2000_400_30,21,multi_p_median_benders,simple_interchange,2000,400,30,163.19700002670288,2.815999984741211,166.0130000114441,1468095.0,1428343.0,3,39752.0,2,1,0,success,2.70772667981295,21,30,1386719.1972242435,2.914132164035981
inst_21_first_instance_set_medium_2000_400_30,21,multi_p_median_benders,simple_deactivate,2000,400,30,163.19700002670288,2.039999961853028,165.2369999885559,1468095.0,1433650.0,2,34445.0,1,0,0,success,2.34623781158576,21,30,1386719.1972242435,3.273518834845077
inst_21_first_instance_set_medium_2000_400_30,21,multi_p_median_benders,interchange_deactivate,2000,400,30,163.19700002670288,8.004999876022339,171.20199990272522,1468095.0,1439608.0,2,28487.0,0,1,0,success,1.94040576393217,21,30,1386719.1972242435,3.673833625247738
inst_25_first_instance_set_medium_2000_400_40,25,multi_p_median_benders,all_moves,2000,400,40,298.4860000610352,18.97100019454956,317.4570002555847,1324996.0,1270153.0,5,54843.0,4,4,2,success,4.1391068350395,25,40,1205239.3706752085,5.1106936979081645
inst_25_first_instance_set_medium_2000_400_40,25,multi_p_median_benders,simple_interchange,2000,400,40,298.4860000610352,4.5290000438690186,303.0150001049042,1324996.0,1290061.0,2,34935.0,1,1,0,success,2.63661173316749,25,40,1205239.3706752085,6.575009191409668
inst_25_first_instance_set_medium_2000_400_40,25,multi_p_median_benders,simple_deactivate,2000,400,40,298.4860000610352,5.825999975204468,304.3120000362396,1324996.0,1281570.0,3,43426.0,2,0,1,success,3.27744385643428,25,40,1205239.3706752085,5.956024979110895
inst_25_first_instance_set_medium_2000_400_40,25,multi_p_median_benders,interchange_deactivate,2000,400,40,298.4860000610352,13.273000001907349,311.7590000629425,1324996.0,1285384.0,3,39612.0,0,2,1,success,2.9895939308496,25,40,1205239.3706752085,6.235072890653026
inst_23_first_instance_set_medium_2000_400_40,23,multi_p_median_benders,all_moves,2000,400,40,133.02999997138977,6.098999977111816,139.1289999485016,1267252.0,1238868.0,2,28384.0,1,1,0,success,2.23980707862366,23,40,1199552.4232794703,3.1735081316596845
inst_23_first_instance_set_medium_2000_400_40,23,multi_p_median_benders,simple_interchange,2000,400,40,133.02999997138977,3.2099997997283936,136.23999977111816,1267252.0,1238868.0,2,28384.0,1,1,0,success,2.23980707862366,23,40,1199552.4232794703,3.1735081316596845
inst_23_first_instance_set_medium_2000_400_40,23,multi_p_median_benders,simple_deactivate,2000,400,40,133.02999997138977,3.121000051498413,136.15100002288818,1267252.0,1243814.0,2,23438.0,1,0,0,success,1.849513751014,23,40,1199552.4232794703,3.5585366236856717
inst_23_first_instance_set_medium_2000_400_40,23,multi_p_median_benders,interchange_deactivate,2000,400,40,133.02999997138977,15.894999980926514,148.92499995231628,1267252.0,1240932.0,3,26320.0,0,2,1,success,2.07693497425926,23,40,1199552.4232794703,3.334556343178329
inst_13_first_instance_set_medium_2000_400_40,13,multi_p_median_benders,all_moves,2000,400,40,152.87399983406067,5.81000018119812,158.6840000152588,1303912.0,1276987.0,2,26925.0,1,1,0,success,2.06493996527373,13,40,1196243.9867903988,6.3229314949644095
inst_13_first_instance_set_medium_2000_400_40,13,multi_p_median_benders,simple_interchange,2000,400,40,152.87399983406067,3.0339999198913574,155.90799975395203,1303912.0,1276987.0,2,26925.0,1,1,0,success,2.06493996527373,13,40,1196243.9867903988,6.3229314949644095
inst_13_first_instance_set_medium_2000_400_40,13,multi_p_median_benders,simple_deactivate,2000,400,40,152.87399983406067,9.441999912261965,162.31599974632263,1303912.0,1280010.0,3,23902.0,2,0,1,success,1.8330991662014,13,40,1196243.9867903988,6.544168655682468
inst_13_first_instance_set_medium_2000_400_40,13,multi_p_median_benders,interchange_deactivate,2000,400,40,152.87399983406067,9.259999990463257,162.13399982452393,1303912.0,1286064.0,2,17848.0,0,1,0,success,1.36880402971979,13,40,1196243.9867903988,6.984101351845721
inst_13_first_instance_set_medium_2000_400_30,13,multi_p_median_benders,all_moves,2000,400,30,103.885999917984,5.316999912261963,109.20299983024596,1424171.0,1400581.0,3,23590.0,2,1,0,success,1.6564022157451501,13,30,1377952.374691703,1.6156598803137487
inst_13_first_instance_set_medium_2000_400_30,13,multi_p_median_benders,simple_interchange,2000,400,30,103.885999917984,2.4119999408721924,106.2979998588562,1424171.0,1400581.0,3,23590.0,2,1,0,success,1.6564022157451501,13,30,1377952.374691703,1.6156598803137487
inst_13_first_instance_set_medium_2000_400_30,13,multi_p_median_benders,simple_deactivate,2000,400,30,103.885999917984,1.937999963760376,105.82399988174438,1424171.0,1402963.0,2,21208.0,1,0,0,success,1.4891470195643601,13,30,1377952.374691703,1.7827002785032182
inst_13_first_instance_set_medium_2000_400_30,13,multi_p_median_benders,interchange_deactivate,2000,400,30,103.885999917984,7.888999938964844,111.77499985694884,1424171.0,1407454.0,2,16717.0,0,1,0,success,1.17380567361644,13,30,1377952.374691703,2.0960987221107836
inst_15_first_instance_set_medium_2000_400_30,15,multi_p_median_benders,all_moves,2000,400,30,150.19900012016296,4.613000154495239,154.8120002746582,1434970.0,1412051.0,3,22919.0,2,2,0,success,1.59717624758705,15,30,1386580.3321580612,1.8038065085424528
inst_15_first_instance_set_medium_2000_400_30,15,multi_p_median_benders,simple_interchange,2000,400,30,150.19900012016296,2.3329999446868896,152.53200006484985,1434970.0,1412051.0,3,22919.0,2,2,0,success,1.59717624758705,15,30,1386580.3321580612,1.8038065085424528
inst_15_first_instance_set_medium_2000_400_30,15,multi_p_median_benders,simple_deactivate,2000,400,30,150.19900012016296,1.569999933242798,151.76900005340576,1434970.0,1414837.0,2,20133.0,1,0,0,success,1.40302584723025,15,30,1386580.3321580612,1.9971677191039525
inst_15_first_instance_set_medium_2000_400_30,15,multi_p_median_benders,interchange_deactivate,2000,400,30,150.19900012016296,7.344000101089477,157.54300022125244,1434970.0,1417210.0,2,17760.0,0,1,0,success,1.2376565363735799,15,30,1386580.3321580612,2.1612652918014117
inst_15_first_instance_set_medium_2000_400_50,15,multi_p_median_benders,all_moves,2000,400,50,96.62199997901917,8.563999891281128,105.1859998703003,1131748.0,1101908.0,2,29840.0,1,1,1,success,2.63662935565161,15,50,1063421.97298437,3.4926715311650267
inst_15_first_instance_set_medium_2000_400_50,15,multi_p_median_benders,simple_interchange,2000,400,50,96.62199997901917,3.181999921798706,99.80399990081789,1131748.0,1102003.0,2,29745.0,1,1,0,success,2.62823526085312,15,50,1063421.97298437,3.5009911057982532
inst_15_first_instance_set_medium_2000_400_50,15,multi_p_median_benders,simple_deactivate,2000,400,50,96.62199997901917,3.753999948501587,100.37599992752077,1131748.0,1107892.0,2,23856.0,1,0,0,success,2.10788974223943,15,50,1063421.97298437,4.013931594020891
inst_15_first_instance_set_medium_2000_400_50,15,multi_p_median_benders,interchange_deactivate,2000,400,50,96.62199997901917,11.997999906539915,108.61999988555908,1131748.0,1106500.0,2,25248.0,0,1,0,success,2.23088532076045,15,50,1063421.97298437,3.8931791247745076
inst_7_first_instance_set_medium_2000_400_50,7,multi_p_median_benders,all_moves,2000,400,50,142.41799998283386,15.227999925613403,157.6459999084473,1177773.0,1133735.0,4,44038.0,2,3,2,success,3.73909063970731,7,50,1072429.970132477,5.4073509124727455
inst_7_first_instance_set_medium_2000_400_50,7,multi_p_median_benders,simple_interchange,2000,400,50,142.41799998283386,4.16700005531311,146.58500003814697,1177773.0,1134757.0,3,43016.0,2,2,0,success,3.65231670279417,7,50,1072429.970132477,5.4925442070437
inst_7_first_instance_set_medium_2000_400_50,7,multi_p_median_benders,simple_deactivate,2000,400,50,142.41799998283386,7.08899998664856,149.50699996948242,1177773.0,1141482.0,3,36291.0,2,0,1,success,3.0813238204645503,7,50,1072429.970132477,6.049331471501336
inst_7_first_instance_set_medium_2000_400_50,7,multi_p_median_benders,interchange_deactivate,2000,400,50,142.41799998283386,13.094000101089478,155.51200008392334,1177773.0,1147503.0,2,30270.0,0,1,1,success,2.57010476551933,7,50,1072429.970132477,6.542294866987092
inst_5_first_instance_set_medium_2000_400_50,5,multi_p_median_benders,all_moves,2000,400,50,87.70499992370605,14.598000049591064,102.30299997329712,1200010.0,1158401.0,3,41609.0,2,2,1,success,3.4673877717685597,5,50,1081534.4830696092,6.635570664251053
inst_5_first_instance_set_medium_2000_400_50,5,multi_p_median_benders,simple_interchange,2000,400,50,87.70499992370605,5.384999990463257,93.08999991416933,1200010.0,1160741.0,3,39269.0,2,2,0,success,3.2723893967550195,5,50,1081534.4830696092,6.823789021874031
inst_5_first_instance_set_medium_2000_400_50,5,multi_p_median_benders,simple_deactivate,2000,400,50,87.70499992370605,9.235000133514404,96.94000005722046,1200010.0,1170294.0,3,29716.0,2,0,1,success,2.47631269739418,5,50,1081534.4830696092,7.584377680342789
inst_5_first_instance_set_medium_2000_400_50,5,multi_p_median_benders,interchange_deactivate,2000,400,50,87.70499992370605,24.76200008392334,112.4670000076294,1200010.0,1158024.0,3,41986.0,0,2,1,success,3.4988041766318605,5,50,1081534.4830696092,6.605175448038284
inst_2_first_instance_set_medium_2000_400_30,2,multi_p_median_benders,all_moves,2000,400,30,139.5479998588562,4.706000089645386,144.2539999485016,1423593.0,1401685.0,3,21908.0,2,2,0,success,1.53892299273739,2,30,1379590.356520047,1.576291640415147
inst_2_first_instance_set_medium_2000_400_30,2,multi_p_median_benders,simple_interchange,2000,400,30,139.5479998588562,3.0450000762939453,142.59299993515015,1423593.0,1401685.0,3,21908.0,2,2,0,success,1.53892299273739,2,30,1379590.356520047,1.576291640415147
inst_2_first_instance_set_medium_2000_400_30,2,multi_p_median_benders,simple_deactivate,2000,400,30,139.5479998588562,1.256999969482422,140.80499982833862,1423593.0,1406239.0,2,17354.0,1,0,0,success,1.21902819134401,2,30,1379590.356520047,1.8950294708049666
inst_2_first_instance_set_medium_2000_400_30,2,multi_p_median_benders,interchange_deactivate,2000,400,30,139.5479998588562,7.914000034332275,147.46199989318848,1423593.0,1405369.0,2,18224.0,0,1,0,success,1.28014116394222,2,30,1379590.356520047,1.8342971475785401
inst_21_first_instance_set_medium_2000_400_50,21,multi_p_median_benders,all_moves,2000,400,50,158.31000018119812,8.400000095367432,166.71000027656555,1190433.0,1153005.0,3,37428.0,2,2,0,success,3.1440660667169005,21,50,1082501.0946656722,6.114796148700815
inst_21_first_instance_set_medium_2000_400_50,21,multi_p_median_benders,simple_interchange,2000,400,50,158.31000018119812,3.996999979019165,162.30700016021729,1190433.0,1153005.0,3,37428.0,2,2,0,success,3.1440660667169005,21,50,1082501.0946656722,6.114796148700815
inst_21_first_instance_set_medium_2000_400_50,21,multi_p_median_benders,simple_deactivate,2000,400,50,158.31000018119812,3.180999994277954,161.49100017547607,1190433.0,1159689.0,2,30744.0,1,0,0,success,2.58258969635418,21,50,1082501.0946656722,6.655914243760856
inst_21_first_instance_set_medium_2000_400_50,21,multi_p_median_benders,interchange_deactivate,2000,400,50,158.31000018119812,11.592999935150146,169.90300011634827,1190433.0,1163589.0,2,26844.0,0,1,0,success,2.25497781059496,21,50,1082501.0946656722,6.968775515609707
inst_24_first_instance_set_medium_2000_400_50,24,multi_p_median_benders,all_moves,2000,400,50,114.87400007247923,15.40400004386902,130.27800011634827,1218289.0,1154934.0,4,63355.0,3,2,1,success,5.20032603101562,24,50,1073272.457754063,7.07066743605583
inst_24_first_instance_set_medium_2000_400_50,24,multi_p_median_benders,simple_interchange,2000,400,50,114.87400007247923,6.186000108718872,121.06000018119812,1218289.0,1159350.0,3,58939.0,2,1,0,success,4.83785046076916,24,50,1073272.457754063,7.424638137399151
inst_24_first_instance_set_medium_2000_400_50,24,multi_p_median_benders,simple_deactivate,2000,400,50,114.87400007247923,2.609999895095825,117.48399996757507,1218289.0,1174356.0,2,43933.0,1,0,0,success,3.606123013505,24,50,1073272.457754063,8.607572341431137
inst_24_first_instance_set_medium_2000_400_50,24,multi_p_median_benders,interchange_deactivate,2000,400,50,114.87400007247923,20.9300000667572,135.80400013923645,1218289.0,1166320.0,3,51969.0,0,2,1,success,4.26573661914373,24,50,1073272.457754063,7.977874189410886
inst_11_first_instance_set_medium_2000_400_30,11,multi_p_median_benders,all_moves,2000,400,30,200.9359998703003,2.5230000019073486,203.45899987220764,1454821.0,1435105.0,3,19716.0,2,1,0,success,1.3552182708388099,11,30,1402101.0625265485,2.299757681385786
inst_11_first_instance_set_medium_2000_400_30,11,multi_p_median_benders,simple_interchange,2000,400,30,200.9359998703003,0.9240000247955322,201.85999989509585,1454821.0,1435105.0,3,19716.0,2,1,0,success,1.3552182708388099,11,30,1402101.0625265485,2.299757681385786
inst_11_first_instance_set_medium_2000_400_30,11,multi_p_median_benders,simple_deactivate,2000,400,30,200.9359998703003,1.1559998989105225,202.0919997692108,1454821.0,1435913.0,2,18908.0,1,0,0,success,1.29967879209882,11,30,1402101.0625265485,2.354734407547775
inst_11_first_instance_set_medium_2000_400_30,11,multi_p_median_benders,interchange_deactivate,2000,400,30,200.9359998703003,10.800999879837036,211.73699975013733,1454821.0,1434415.0,3,20406.0,0,2,1,success,1.40264678609945,11,30,1402101.0625265485,2.252760705475855
inst_12_first_instance_set_medium_2000_400_50,12,multi_p_median_benders,all_moves,2000,400,50,80.90000009536743,15.544000148773192,96.44400024414062,1171093.0,1123021.0,3,48072.0,2,2,1,success,4.10488321593588,12,50,1078374.8463959307,3.9755404043263
inst_12_first_instance_set_medium_2000_400_50,12,multi_p_median_benders,simple_interchange,2000,400,50,80.90000009536743,4.8470001220703125,85.74700021743774,1171093.0,1124420.0,3,46673.0,2,1,0,success,3.98542216544715,12,50,1078374.8463959307,4.0950137496726535
inst_12_first_instance_set_medium_2000_400_50,12,multi_p_median_benders,simple_deactivate,2000,400,50,80.90000009536743,4.047999858856201,84.94799995422363,1171093.0,1134615.0,2,36478.0,1,0,1,success,3.11486790545242,12,50,1078374.8463959307,4.95676098095559
inst_12_first_instance_set_medium_2000_400_50,12,multi_p_median_benders,interchange_deactivate,2000,400,50,80.90000009536743,24.175000190734863,105.0750002861023,1171093.0,1124897.0,3,46196.0,0,2,1,success,3.9446909852590704,12,50,1078374.8463959307,4.135681187172626
inst_10_first_instance_set_medium_2000_400_30,10,multi_p_median_benders,all_moves,2000,400,30,76.3140001296997,6.681999921798706,82.99600005149841,1455007.0,1419404.0,2,35603.0,1,1,0,success,2.44692980858511,10,30,1375120.89685854,3.119837843310298
inst_10_first_instance_set_medium_2000_400_30,10,multi_p_median_benders,simple_interchange,2000,400,30,76.3140001296997,3.828000068664551,80.14200019836426,1455007.0,1419404.0,2,35603.0,1,1,0,success,2.44692980858511,10,30,1375120.89685854,3.119837843310298
inst_10_first_instance_set_medium_2000_400_30,10,multi_p_median_benders,simple_deactivate,2000,400,30,76.3140001296997,2.751000165939331,79.06500029563904,1455007.0,1424902.0,2,30105.0,1,0,0,success,2.06906221069726,10,30,1375120.89685854,3.4936510118913513
inst_10_first_instance_set_medium_2000_400_30,10,multi_p_median_benders,interchange_deactivate,2000,400,30,76.3140001296997,13.008999824523926,89.32299995422363,1455007.0,1424000.0,2,31007.0,0,1,0,success,2.13105503959774,10,30,1375120.89685854,3.4325212880238833
inst_25_first_instance_set_medium_2000_400_50,25,multi_p_median_benders,all_moves,2000,400,50,85.7739999294281,12.59599995613098,98.36999988555908,1167213.0,1127229.0,3,39984.0,2,2,1,success,3.4255958424040798,25,50,1075453.0993733774,4.593201614456566
inst_25_first_instance_set_medium_2000_400_50,25,multi_p_median_benders,simple_interchange,2000,400,50,85.7739999294281,3.4169998168945312,89.19099974632263,1167213.0,1132908.0,3,34305.0,2,1,0,success,2.9390522552439,25,50,1075453.0993733774,5.0714533418973655
inst_25_first_instance_set_medium_2000_400_50,25,multi_p_median_benders,simple_deactivate,2000,400,50,85.7739999294281,8.52999997138977,94.30399990081789,1167213.0,1133007.0,3,34206.0,2,0,1,success,2.93057051283698,25,50,1075453.0993733774,5.079748018028362
inst_25_first_instance_set_medium_2000_400_50,25,multi_p_median_benders,interchange_deactivate,2000,400,50,85.7739999294281,14.9760000705719,100.75,1167213.0,1138903.0,3,28310.0,0,2,1,success,2.42543563171417,25,50,1075453.0993733774,5.57114175892263
inst_6_first_instance_set_medium_2000_400_50,6,multi_p_median_benders,all_moves,2000,400,50,93.10500001907349,13.135999917984009,106.2409999370575,1214582.0,1165894.0,3,48688.0,2,2,1,success,4.00862189625731,6,50,1076044.1980338565,7.706515512228688
inst_6_first_instance_set_medium_2000_400_50,6,multi_p_median_benders,simple_interchange,2000,400,50,93.10500001907349,6.208999872207642,99.31399989128111,1214582.0,1169263.0,3,45319.0,2,2,0,success,3.7312425180020705,6,50,1076044.1980338565,7.972440927844595
inst_6_first_instance_set_medium_2000_400_50,6,multi_p_median_benders,simple_deactivate,2000,400,50,93.10500001907349,6.546000003814697,99.65100002288818,1214582.0,1178391.0,3,36191.0,2,0,1,success,2.97970824530579,6,50,1076044.1980338565,8.685300716497627
inst_6_first_instance_set_medium_2000_400_50,6,multi_p_median_benders,interchange_deactivate,2000,400,50,93.10500001907349,13.611999988555908,106.7170000076294,1214582.0,1180395.0,2,34187.0,0,1,0,success,2.8147132099767598,6,50,1076044.1980338565,8.840329039528594
inst_1_first_instance_set_medium_2000_400_40,1,multi_p_median_benders,all_moves,2000,400,40,131.22899985313416,9.744999885559082,140.97399973869324,1299177.0,1251969.0,3,47208.0,2,1,0,success,3.6336850175149302,1,40,1195414.042378185,4.517280988731743
inst_1_first_instance_set_medium_2000_400_40,1,multi_p_median_benders,simple_interchange,2000,400,40,131.22899985313416,3.982000112533569,135.21099996566772,1299177.0,1251969.0,3,47208.0,2,1,0,success,3.6336850175149302,1,40,1195414.042378185,4.517280988731743
inst_1_first_instance_set_medium_2000_400_40,1,multi_p_median_benders,simple_deactivate,2000,400,40,131.22899985313416,3.96399998664856,135.19299983978271,1299177.0,1259547.0,2,39630.0,1,0,0,success,3.0503926716682903,1,40,1195414.042378185,5.0917478761661865
inst_1_first_instance_set_medium_2000_400_40,1,multi_p_median_benders,interchange_deactivate,2000,400,40,131.22899985313416,11.878000020980837,143.106999874115,1299177.0,1267151.0,2,32026.0,0,1,0,success,2.4650990588657202,1,40,1195414.042378185,5.661279328336947
inst_14_first_instance_set_medium_2000_400_30,14,multi_p_median_benders,all_moves,2000,400,30,195.8509998321533,3.6969997882843018,199.5479996204376,1442472.0,1415629.0,2,26843.0,1,1,0,success,1.8609026726342002,14,30,1392094.5884877385,1.6624702879258257
inst_14_first_instance_set_medium_2000_400_30,14,multi_p_median_benders,simple_interchange,2000,400,30,195.8509998321533,2.164999961853028,198.01599979400635,1442472.0,1415629.0,2,26843.0,1,1,0,success,1.8609026726342002,14,30,1392094.5884877385,1.6624702879258257
inst_14_first_instance_set_medium_2000_400_30,14,multi_p_median_benders,simple_deactivate,2000,400,30,195.8509998321533,1.6349999904632568,197.48599982261652,1442472.0,1418734.0,2,23738.0,1,0,0,success,1.6456471945382598,14,30,1392094.5884877385,1.8776889474884995
inst_14_first_instance_set_medium_2000_400_30,14,multi_p_median_benders,interchange_deactivate,2000,400,30,195.8509998321533,9.089999914169312,204.94099974632263,1442472.0,1420910.0,2,21562.0,0,1,0,success,1.4947950462816602,14,30,1392094.5884877385,2.0279547270595244
inst_8_first_instance_set_medium_2000_400_40,8,multi_p_median_benders,all_moves,2000,400,40,70.46999979019165,15.770999908447266,86.24099969863892,1301298.0,1243377.0,3,57921.0,2,2,1,success,4.45101736881175,8,40,1195576.397176559,3.8444174874909955
inst_8_first_instance_set_medium_2000_400_40,8,multi_p_median_benders,simple_interchange,2000,400,40,70.46999979019165,3.822999954223633,74.29299974441528,1301298.0,1258748.0,2,42550.0,1,1,0,success,3.26981214141572,8,40,1195576.397176559,5.018606013550045
inst_8_first_instance_set_medium_2000_400_40,8,multi_p_median_benders,simple_deactivate,2000,400,40,70.46999979019165,10.661999940872192,81.13199973106384,1301298.0,1256664.0,4,44634.0,3,0,2,success,3.42995993231373,8,40,1195576.397176559,4.861092768109926
inst_8_first_instance_set_medium_2000_400_40,8,multi_p_median_benders,interchange_deactivate,2000,400,40,70.46999979019165,30.828999996185303,101.29899978637695,1301298.0,1244620.0,4,56678.0,0,3,2,success,4.35549735725406,8,40,1195576.397176559,3.94044791369582
inst_4_first_instance_set_medium_2000_400_30,4,multi_p_median_benders,all_moves,2000,400,30,109.83199977874756,6.522000074386597,116.35399985313416,1457652.0,1423329.0,3,34323.0,2,1,0,success,2.35467724806744,4,30,1375909.4483095407,3.331594570929086
inst_4_first_instance_set_medium_2000_400_30,4,multi_p_median_benders,simple_interchange,2000,400,30,109.83199977874756,2.9699997901916504,112.8019995689392,1457652.0,1423329.0,3,34323.0,2,1,0,success,2.35467724806744,4,30,1375909.4483095407,3.331594570929086
inst_4_first_instance_set_medium_2000_400_30,4,multi_p_median_benders,simple_deactivate,2000,400,30,109.83199977874756,2.6969997882843018,112.52899956703186,1457652.0,1425313.0,3,32339.0,2,0,1,success,2.21856794351463,4,30,1375909.4483095407,3.4661545702915255
inst_4_first_instance_set_medium_2000_400_30,4,multi_p_median_benders,interchange_deactivate,2000,400,30,109.83199977874756,13.401999950408936,123.2339997291565,1457652.0,1428518.0,3,29134.0,0,2,1,success,1.99869378973856,4,30,1375909.4483095407,3.6827363526717374
inst_17_first_instance_set_medium_2000_400_50,17,multi_p_median_benders,all_moves,2000,400,50,123.60899996757507,14.187000036239624,137.7960000038147,1281457.0,1203330.0,3,78127.0,2,2,1,success,6.09673207918798,17,50,1075778.696833576,10.599860650563347
inst_17_first_instance_set_medium_2000_400_50,17,multi_p_median_benders,simple_interchange,2000,400,50,123.60899996757507,4.43999981880188,128.04899978637695,1281457.0,1223597.0,3,57860.0,2,2,0,success,4.51517296327539,17,50,1075778.696833576,12.080636285184086
inst_17_first_instance_set_medium_2000_400_50,17,multi_p_median_benders,simple_deactivate,2000,400,50,123.60899996757507,8.324999809265137,131.9339997768402,1281457.0,1207776.0,3,73681.0,2,0,1,success,5.7497832545298,17,50,1075778.696833576,10.928955631377335
inst_17_first_instance_set_medium_2000_400_50,17,multi_p_median_benders,interchange_deactivate,2000,400,50,123.60899996757507,35.46499991416931,159.07399988174438,1281457.0,1210335.0,4,71122.0,0,3,2,success,5.55008868811048,17,50,1075778.696833576,11.117277709594775
inst_16_first_instance_set_medium_2000_400_30,16,multi_p_median_benders,all_moves,2000,400,30,114.68799996376038,6.54200005531311,121.23000001907349,1436566.0,1406116.0,4,30450.0,3,2,0,success,2.11963808136904,16,30,1384915.5389612718,1.5077320106398224
inst_16_first_instance_set_medium_2000_400_30,16,multi_p_median_benders,simple_interchange,2000,400,30,114.68799996376038,3.684999942779541,118.37299990653992,1436566.0,1406116.0,4,30450.0,3,2,0,success,2.11963808136904,16,30,1384915.5389612718,1.5077320106398224
inst_16_first_instance_set_medium_2000_400_30,16,multi_p_median_benders,simple_deactivate,2000,400,30,114.68799996376038,1.5499999523162842,116.23799991607666,1436566.0,1411386.0,2,25180.0,1,0,0,success,1.75279103083325,16,30,1384915.5389612718,1.8754940915333043
inst_16_first_instance_set_medium_2000_400_30,16,multi_p_median_benders,interchange_deactivate,2000,400,30,114.68799996376038,11.511000156402588,126.19900012016296,1436566.0,1409902.0,3,26664.0,0,2,1,success,1.85609293272985,16,30,1384915.5389612718,1.7722126104316644
inst_23_first_instance_set_medium_2000_400_50,23,multi_p_median_benders,all_moves,2000,400,50,132.8140001296997,13.397000074386597,146.2110002040863,1199452.0,1156015.0,4,43437.0,3,3,1,success,3.6214037743903,23,50,1078357.709114899,6.717671560066354
inst_23_first_instance_set_medium_2000_400_50,23,multi_p_median_benders,simple_interchange,2000,400,50,132.8140001296997,3.880000114440918,136.69400024414062,1199452.0,1159833.0,3,39619.0,2,1,0,success,3.3030917452303203,23,50,1078357.709114899,7.0247432936553
inst_23_first_instance_set_medium_2000_400_50,23,multi_p_median_benders,simple_deactivate,2000,400,50,132.8140001296997,7.414000034332275,140.22800016403198,1199452.0,1165005.0,3,34447.0,2,0,1,success,2.87189483197326,23,50,1078357.709114899,7.437503777674865
inst_23_first_instance_set_medium_2000_400_50,23,multi_p_median_benders,interchange_deactivate,2000,400,50,132.8140001296997,20.42400002479553,153.23800015449524,1199452.0,1166965.0,3,32487.0,0,2,1,success,2.70848687567322,23,50,1078357.709114899,7.592969016645836
inst_8_first_instance_set_medium_2000_400_50,8,multi_p_median_benders,all_moves,2000,400,50,77.23999977111816,6.58899998664856,83.82899975776672,1176399.0,1147240.0,2,29159.0,1,1,0,success,2.4786658268155604,8,50,1071639.9215126806,6.589735233021809
inst_8_first_instance_set_medium_2000_400_50,8,multi_p_median_benders,simple_interchange,2000,400,50,77.23999977111816,4.6549999713897705,81.89499974250793,1176399.0,1147240.0,2,29159.0,1,1,0,success,2.4786658268155604,8,50,1071639.9215126806,6.589735233021809
inst_8_first_instance_set_medium_2000_400_50,8,multi_p_median_benders,simple_deactivate,2000,400,50,77.23999977111816,2.382999897003174,79.62299966812134,1176399.0,1156689.0,2,19710.0,1,0,0,success,1.6754519512512298,8,50,1071639.9215126806,7.352804296342354
inst_8_first_instance_set_medium_2000_400_50,8,multi_p_median_benders,interchange_deactivate,2000,400,50,77.23999977111816,11.186000108718872,88.42599987983704,1176399.0,1154439.0,2,21960.0,0,1,0,success,1.8667135895219198,8,50,1071639.9215126806,7.172235041203512
inst_11_first_instance_set_medium_2000_400_40,11,multi_p_median_benders,all_moves,2000,400,40,94.47499990463255,7.312000036239624,101.7869999408722,1299587.0,1270455.0,3,29132.0,2,1,0,success,2.2416352271914,11,40,1208170.125743497,4.902564377054132
inst_11_first_instance_set_medium_2000_400_40,11,multi_p_median_benders,simple_interchange,2000,400,40,94.47499990463255,3.488999843597412,97.96399974822998,1299587.0,1270455.0,3,29132.0,2,1,0,success,2.2416352271914,11,40,1208170.125743497,4.902564377054132
inst_11_first_instance_set_medium_2000_400_40,11,multi_p_median_benders,simple_deactivate,2000,400,40,94.47499990463255,2.713000059127808,97.18799996376038,1299587.0,1275058.0,2,24529.0,1,0,0,success,1.88744578085191,11,40,1208170.125743497,5.245869149207571
inst_11_first_instance_set_medium_2000_400_40,11,multi_p_median_benders,interchange_deactivate,2000,400,40,94.47499990463255,14.269999980926514,108.74499988555908,1299587.0,1272789.0,3,26798.0,0,2,1,success,2.06203970953849,11,40,1208170.125743497,5.076951030885957
inst_23_first_instance_set_medium_2000_400_30,23,multi_p_median_benders,all_moves,2000,400,30,145.68299984931946,3.202000141143799,148.88499999046326,1435225.0,1410756.0,2,24469.0,1,1,0,success,1.70488947725966,23,30,1393326.5081296666,1.235471752048791
inst_23_first_instance_set_medium_2000_400_30,23,multi_p_median_benders,simple_interchange,2000,400,30,145.68299984931946,2.115000009536743,147.7979998588562,1435225.0,1410756.0,2,24469.0,1,1,0,success,1.70488947725966,23,30,1393326.5081296666,1.235471752048791
inst_23_first_instance_set_medium_2000_400_30,23,multi_p_median_benders,simple_deactivate,2000,400,30,145.68299984931946,1.187000036239624,146.86999988555908,1435225.0,1412895.0,2,22330.0,1,0,0,success,1.55585361180302,23,30,1393326.5081296666,1.3849926477433525
inst_23_first_instance_set_medium_2000_400_30,23,multi_p_median_benders,interchange_deactivate,2000,400,30,145.68299984931946,8.216000080108643,153.8989999294281,1435225.0,1414781.0,2,20444.0,0,1,0,success,1.42444564441115,23,30,1393326.5081296666,1.5164532086827176
inst_7_first_instance_set_medium_2000_400_40,7,multi_p_median_benders,all_moves,2000,400,40,110.90299987792967,7.353999853134155,118.25699973106384,1332279.0,1280924.0,3,51355.0,2,2,0,success,3.85467308274017,7,40,1193500.6871928682,6.825019502104091
inst_7_first_instance_set_medium_2000_400_40,7,multi_p_median_benders,simple_interchange,2000,400,40,110.90299987792967,3.901000022888184,114.80399990081789,1332279.0,1280924.0,3,51355.0,2,2,0,success,3.85467308274017,7,40,1193500.6871928682,6.825019502104091
inst_7_first_instance_set_medium_2000_400_40,7,multi_p_median_benders,simple_deactivate,2000,400,40,110.90299987792967,2.627000093460083,113.52999997138976,1332279.0,1286663.0,2,45616.0,1,0,0,success,3.4239074548198896,7,40,1193500.6871928682,7.2406148934982815
inst_7_first_instance_set_medium_2000_400_40,7,multi_p_median_benders,interchange_deactivate,2000,400,40,110.90299987792967,20.753999948501587,131.65699982643127,1332279.0,1289915.0,3,42364.0,0,2,1,success,3.17981443826706,7,40,1193500.6871928682,7.47447024084004
inst_25_first_instance_set_medium_2000_400_30,25,multi_p_median_benders,all_moves,2000,400,30,122.3970000743866,6.016999959945679,128.41400003433228,1483539.0,1439764.0,3,43775.0,2,2,1,success,2.9507144739706797,25,30,1387828.1694716376,3.6072460853558237
inst_25_first_instance_set_medium_2000_400_30,25,multi_p_median_benders,simple_interchange,2000,400,30,122.3970000743866,1.7100000381469729,124.10700011253356,1483539.0,1444128.0,3,39411.0,2,1,0,success,2.6565530127620502,25,30,1387828.1694716376,3.8985346540169865
inst_25_first_instance_set_medium_2000_400_30,25,multi_p_median_benders,simple_deactivate,2000,400,30,122.3970000743866,4.0290000438690186,126.42600011825562,1483539.0,1441847.0,3,41692.0,2,0,1,success,2.8103069754148597,25,30,1387828.1694716376,3.746502266076943
inst_25_first_instance_set_medium_2000_400_30,25,multi_p_median_benders,interchange_deactivate,2000,400,30,122.3970000743866,11.270000219345093,133.6670002937317,1483539.0,1458803.0,2,24736.0,0,1,0,success,1.66736432274446,25,30,1387828.1694716376,4.865278624211935
inst_8_first_instance_set_medium_2000_400_30,8,multi_p_median_benders,all_moves,2000,400,30,108.32000017166138,7.447000026702881,115.76700019836426,1433507.0,1405532.0,3,27975.0,1,2,1,success,1.95150773592315,8,30,1381918.0682381806,1.680070732065823
inst_8_first_instance_set_medium_2000_400_30,8,multi_p_median_benders,simple_interchange,2000,400,30,108.32000017166138,2.871000051498413,111.1910002231598,1433507.0,1405861.0,2,27646.0,1,1,0,success,1.9285570283228402,8,30,1381918.0682381806,1.7030795905014366
inst_8_first_instance_set_medium_2000_400_30,8,multi_p_median_benders,simple_deactivate,2000,400,30,108.32000017166138,2.265000104904175,110.58500027656557,1433507.0,1412498.0,2,21009.0,1,0,0,success,1.46556661390561,8,30,1381918.0682381806,2.1649539866123284
inst_8_first_instance_set_medium_2000_400_30,8,multi_p_median_benders,interchange_deactivate,2000,400,30,108.32000017166138,10.447999954223633,118.768000125885,1433507.0,1412895.0,3,20612.0,0,2,1,success,1.43787229500797,8,30,1381918.0682381806,2.1924440076452534
inst_19_first_instance_set_medium_2000_400_50,19,multi_p_median_benders,all_moves,2000,400,50,100.55100011825562,8.67799997329712,109.22900009155272,1180436.0,1144542.0,2,35894.0,1,1,0,success,3.04074087879393,19,50,1068019.8019542135,6.685835735673
inst_19_first_instance_set_medium_2000_400_50,19,multi_p_median_benders,simple_interchange,2000,400,50,100.55100011825562,5.738000154495239,106.28900027275084,1180436.0,1144542.0,2,35894.0,1,1,0,success,3.04074087879393,19,50,1068019.8019542135,6.685835735673
inst_19_first_instance_set_medium_2000_400_50,19,multi_p_median_benders,simple_deactivate,2000,400,50,100.55100011825562,2.9260001182556152,103.47700023651124,1180436.0,1157802.0,2,22634.0,1,0,0,success,1.91742712014882,19,50,1068019.8019542135,7.754538171966059
inst_19_first_instance_set_medium_2000_400_50,19,multi_p_median_benders,interchange_deactivate,2000,400,50,100.55100011825562,11.70699977874756,112.25799989700316,1180436.0,1151314.0,2,29122.0,0,1,0,success,2.4670545459474202,19,50,1068019.8019542135,7.234707303636235
inst_11_first_instance_set_medium_2000_400_50,11,multi_p_median_benders,all_moves,2000,400,50,76.83100008964539,9.10699987411499,85.93799996376038,1161054.0,1131251.0,3,29803.0,2,2,0,success,2.56689180692715,11,50,1080985.1248732358,4.44338834854194
inst_11_first_instance_set_medium_2000_400_50,11,multi_p_median_benders,simple_interchange,2000,400,50,76.83100008964539,4.39900016784668,81.23000025749207,1161054.0,1131251.0,3,29803.0,2,2,0,success,2.56689180692715,11,50,1080985.1248732358,4.44338834854194
inst_11_first_instance_set_medium_2000_400_50,11,multi_p_median_benders,simple_deactivate,2000,400,50,76.83100008964539,3.1710000038146973,80.00200009346008,1161054.0,1143763.0,2,17291.0,1,0,0,success,1.48925028465514,11,50,1080985.1248732358,5.488713581988942
inst_11_first_instance_set_medium_2000_400_50,11,multi_p_median_benders,interchange_deactivate,2000,400,50,76.83100008964539,10.175999879837036,87.00699996948242,1161054.0,1134263.0,2,26791.0,0,1,0,success,2.3074723484006703,11,50,1080985.1248732358,4.697135948784733
inst_14_first_instance_set_medium_2000_400_40,14,multi_p_median_benders,all_moves,2000,400,40,192.22499990463257,8.82800006866455,201.05299997329712,1307835.0,1270544.0,3,37291.0,2,2,1,success,2.85135357288954,14,40,1206174.3989816182,5.066302388455793
inst_14_first_instance_set_medium_2000_400_40,14,multi_p_median_benders,simple_interchange,2000,400,40,192.22499990463257,2.7230000495910645,194.94799995422363,1307835.0,1272307.0,2,35528.0,1,1,0,success,2.71655063521009,14,40,1206174.3989816182,5.1978493412660445
inst_14_first_instance_set_medium_2000_400_40,14,multi_p_median_benders,simple_deactivate,2000,400,40,192.22499990463257,2.970999956130981,195.19599986076355,1307835.0,1277434.0,2,30401.0,1,0,0,success,2.32452870583827,14,40,1206174.3989816182,5.578339156338549
inst_14_first_instance_set_medium_2000_400_40,14,multi_p_median_benders,interchange_deactivate,2000,400,40,192.22499990463257,14.624000072479248,206.84899997711184,1307835.0,1277987.0,3,29848.0,0,2,1,success,2.28224508443343,14,40,1206174.3989816182,5.619196519086795
inst_3_first_instance_set_medium_2000_400_30,3,multi_p_median_benders,all_moves,2000,400,30,68.64599990844727,4.545000076293945,73.19099998474121,1427808.0,1405766.0,2,22042.0,1,1,0,success,1.54376498800959,3,30,1372961.3608637669,2.3335775040962106
inst_3_first_instance_set_medium_2000_400_30,3,multi_p_median_benders,simple_interchange,2000,400,30,68.64599990844727,2.4560000896453857,71.10199999809265,1427808.0,1405766.0,2,22042.0,1,1,0,success,1.54376498800959,3,30,1372961.3608637669,2.3335775040962106
inst_3_first_instance_set_medium_2000_400_30,3,multi_p_median_benders,simple_deactivate,2000,400,30,68.64599990844727,1.897000074386597,70.54299998283386,1427808.0,1408866.0,2,18942.0,1,0,0,success,1.32664896120486,3,30,1372961.3608637669,2.548477934468795
inst_3_first_instance_set_medium_2000_400_30,3,multi_p_median_benders,interchange_deactivate,2000,400,30,68.64599990844727,9.960999965667725,78.60699987411499,1427808.0,1406357.0,3,21451.0,0,2,1,success,1.50237286806069,3,30,1372961.3608637669,2.3746203230213334
inst_15_first_instance_set_medium_2000_400_40,15,multi_p_median_benders,all_moves,2000,400,40,154.42400002479553,11.586999893188477,166.010999917984,1300484.0,1264286.0,3,36198.0,2,2,1,success,2.7834252478308,15,40,1197057.80953684,5.317482789745353
inst_15_first_instance_set_medium_2000_400_40,15,multi_p_median_benders,simple_interchange,2000,400,40,154.42400002479553,4.7850000858306885,159.20900011062622,1300484.0,1264925.0,3,35559.0,2,2,0,success,2.73428969522116,15,40,1197057.80953684,5.36531339511512
inst_15_first_instance_set_medium_2000_400_40,15,multi_p_median_benders,simple_deactivate,2000,400,40,154.42400002479553,4.9150002002716064,159.33900022506714,1300484.0,1269551.0,2,30933.0,1,0,1,success,2.37857597632881,15,40,1197057.80953684,5.710144016519221
inst_15_first_instance_set_medium_2000_400_40,15,multi_p_median_benders,interchange_deactivate,2000,400,40,154.42400002479553,12.676000118255615,167.10000014305115,1300484.0,1268989.0,3,31495.0,0,2,1,success,2.42179065640177,15,40,1197057.80953684,5.668385656862268
inst_1_first_instance_set_medium_2000_400_50,1,multi_p_median_benders,all_moves,2000,400,50,120.81900000572205,13.503999948501589,134.32299995422363,1183863.0,1142213.0,3,41650.0,2,1,1,success,3.51814356897715,1,50,1073240.3961178488,6.038506292797507
inst_1_first_instance_set_medium_2000_400_50,1,multi_p_median_benders,simple_interchange,2000,400,50,120.81900000572205,5.538000106811523,126.35700011253356,1183863.0,1143205.0,3,40658.0,2,1,0,success,3.43435008949515,1,50,1073240.3961178488,6.1200400524972505
inst_1_first_instance_set_medium_2000_400_50,1,multi_p_median_benders,simple_deactivate,2000,400,50,120.81900000572205,5.799000024795532,126.61800003051758,1183863.0,1153183.0,2,30680.0,1,0,1,success,2.59151607914091,1,50,1073240.3961178488,6.932343251864726
inst_1_first_instance_set_medium_2000_400_50,1,multi_p_median_benders,interchange_deactivate,2000,400,50,120.81900000572205,15.322999954223633,136.14199995994568,1183863.0,1148618.0,2,35245.0,0,1,0,success,2.97711812937814,1,50,1073240.3961178488,6.562460616336431
inst_17_first_instance_set_medium_2000_400_30,17,multi_p_median_benders,all_moves,2000,400,30,176.76699995994568,3.4179999828338623,180.1849999427796,1420638.0,1389232.0,2,31406.0,1,1,0,success,2.21069688407602,17,30,1370455.5604949642,1.3515697525708994
inst_17_first_instance_set_medium_2000_400_30,17,multi_p_median_benders,simple_interchange,2000,400,30,176.76699995994568,1.8849999904632568,178.65199995040894,1420638.0,1389232.0,2,31406.0,1,1,0,success,2.21069688407602,17,30,1370455.5604949642,1.3515697525708994
inst_17_first_instance_set_medium_2000_400_30,17,multi_p_median_benders,simple_deactivate,2000,400,30,176.76699995994568,1.579999923706055,178.34699988365173,1420638.0,1392176.0,2,28462.0,1,0,0,success,2.00346604835292,17,30,1370455.5604949642,1.5601791371949922
inst_17_first_instance_set_medium_2000_400_30,17,multi_p_median_benders,interchange_deactivate,2000,400,30,176.76699995994568,8.36299991607666,185.1299998760224,1420638.0,1398056.0,2,22582.0,0,1,0,success,1.5895675041777,17,30,1370455.5604949642,1.9742012841428207
inst_20_first_instance_set_medium_2000_400_50,20,multi_p_median_benders,all_moves,2000,400,50,76.47099995613098,13.781999826431274,90.25299978256226,1169941.0,1122767.0,3,47174.0,2,1,0,success,4.03216914357219,20,50,1060279.6756391732,5.565475682917894
inst_20_first_instance_set_medium_2000_400_50,20,multi_p_median_benders,simple_interchange,2000,400,50,76.47099995613098,4.805000066757202,81.27600002288818,1169941.0,1122767.0,3,47174.0,2,1,0,success,4.03216914357219,20,50,1060279.6756391732,5.565475682917894
inst_20_first_instance_set_medium_2000_400_50,20,multi_p_median_benders,simple_deactivate,2000,400,50,76.47099995613098,6.101000070571899,82.57200002670288,1169941.0,1135300.0,2,34641.0,1,0,0,success,2.96091854204613,20,50,1060279.6756391732,6.607973607048952
inst_20_first_instance_set_medium_2000_400_50,20,multi_p_median_benders,interchange_deactivate,2000,400,50,76.47099995613098,15.01800012588501,91.489000082016,1169941.0,1132455.0,2,37486.0,0,1,0,success,3.20409319786211,20,50,1060279.6756391732,6.373350319511746
inst_4_first_instance_set_medium_2000_400_50,4,multi_p_median_benders,all_moves,2000,400,50,98.53600001335144,11.582000017166138,110.11800003051758,1232292.0,1181269.0,4,51023.0,3,2,1,success,4.14049592142122,4,50,1072083.7542934022,9.243046732505281
inst_4_first_instance_set_medium_2000_400_50,4,multi_p_median_benders,simple_interchange,2000,400,50,98.53600001335144,5.755000114440918,104.29100012779236,1232292.0,1185851.0,3,46441.0,2,2,0,success,3.76866846494175,4,50,1072083.7542934022,9.593721783478514
inst_4_first_instance_set_medium_2000_400_50,4,multi_p_median_benders,simple_deactivate,2000,400,50,98.53600001335144,8.789999961853027,107.32599997520448,1232292.0,1188120.0,3,44172.0,2,0,1,success,3.5845400278505397,4,50,1072083.7542934022,9.766374247264402
inst_4_first_instance_set_medium_2000_400_50,4,multi_p_median_benders,interchange_deactivate,2000,400,50,98.53600001335144,16.506999969482422,115.04299998283386,1232292.0,1190897.0,3,41395.0,0,2,1,success,3.3591875951479,4,50,1072083.7542934022,9.97678604502302
inst_3_first_instance_set_medium_2000_400_50,3,multi_p_median_benders,all_moves,2000,400,50,113.78600001335144,7.696999788284302,121.48299980163574,1128657.0,1104754.0,3,23903.0,2,2,0,success,2.1178267622492903,3,50,1066611.6912094392,3.452561275230577
inst_3_first_instance_set_medium_2000_400_50,3,multi_p_median_benders,simple_interchange,2000,400,50,113.78600001335144,4.924999952316284,118.71099996566772,1128657.0,1104754.0,3,23903.0,2,2,0,success,2.1178267622492903,3,50,1066611.6912094392,3.452561275230577
inst_3_first_instance_set_medium_2000_400_50,3,multi_p_median_benders,simple_deactivate,2000,400,50,113.78600001335144,1.9559998512268064,115.74199986457825,1128657.0,1114803.0,2,13854.0,1,0,0,success,1.22747654956288,3,50,1066611.6912094392,4.3228542433560735
inst_3_first_instance_set_medium_2000_400_50,3,multi_p_median_benders,interchange_deactivate,2000,400,50,113.78600001335144,8.573999881744385,122.35999989509584,1128657.0,1111410.0,2,17247.0,0,1,0,success,1.52809932512712,3,50,1066611.6912094392,4.030763515764732
inst_10_first_instance_set_medium_2000_400_40,10,multi_p_median_benders,all_moves,2000,400,40,79.00600004196167,10.79200005531311,89.79800009727478,1279121.0,1238068.0,3,41053.0,2,2,1,success,3.2094696279710804,10,40,1190006.6078678947,3.881967075484166
inst_10_first_instance_set_medium_2000_400_40,10,multi_p_median_benders,simple_interchange,2000,400,40,79.00600004196167,4.490000009536743,83.49600005149841,1279121.0,1239490.0,3,39631.0,2,2,0,success,3.0982995353840597,10,40,1190006.6078678947,3.992238108585411
inst_10_first_instance_set_medium_2000_400_40,10,multi_p_median_benders,simple_deactivate,2000,400,40,79.00600004196167,2.7049999237060547,81.71099996566772,1279121.0,1247108.0,2,32013.0,1,0,0,success,2.50273429956978,10,40,1190006.6078678947,4.578704661673673
inst_10_first_instance_set_medium_2000_400_40,10,multi_p_median_benders,interchange_deactivate,2000,400,40,79.00600004196167,12.749000072479248,91.75500011444092,1279121.0,1253741.0,2,25380.0,0,1,0,success,1.984175070224,10,40,1190006.6078678947,5.0835373599575435
inst_9_first_instance_set_medium_2000_400_50,9,multi_p_median_benders,all_moves,2000,400,50,102.55400013923644,20.909000158309937,123.4630002975464,1250120.0,1175456.0,4,74664.0,3,2,2,success,5.97254663552299,9,50,1073816.3336184586,8.64682866747385
inst_9_first_instance_set_medium_2000_400_50,9,multi_p_median_benders,simple_interchange,2000,400,50,102.55400013923644,5.828000068664551,108.382000207901,1250120.0,1188314.0,2,61806.0,1,1,0,success,4.94400537548395,9,50,1073816.3336184586,9.635304000587505
inst_9_first_instance_set_medium_2000_400_50,9,multi_p_median_benders,simple_deactivate,2000,400,50,102.55400013923644,7.983000040054321,110.53700017929076,1250120.0,1203544.0,3,46576.0,2,0,1,success,3.7257223306562497,9,50,1073816.3336184586,10.77880545967089
inst_9_first_instance_set_medium_2000_400_50,9,multi_p_median_benders,interchange_deactivate,2000,400,50,102.55400013923644,23.36399984359741,125.91799998283386,1250120.0,1187564.0,3,62556.0,0,2,1,success,5.00399961603686,9,50,1073816.3336184586,9.578234636747275
inst_18_first_instance_set_medium_2000_400_30,18,multi_p_median_benders,all_moves,2000,400,30,60.07099986076355,6.927999973297119,66.99899983406067,1437605.0,1403951.0,3,33654.0,2,1,0,success,2.34097683299654,18,30,1368511.5395645758,2.524266191300425
inst_18_first_instance_set_medium_2000_400_30,18,multi_p_median_benders,simple_interchange,2000,400,30,60.07099986076355,2.246000051498413,62.31699991226196,1437605.0,1403951.0,3,33654.0,2,1,0,success,2.34097683299654,18,30,1368511.5395645758,2.524266191300425
inst_18_first_instance_set_medium_2000_400_30,18,multi_p_median_benders,simple_deactivate,2000,400,30,60.07099986076355,3.407000064849853,63.4779999256134,1437605.0,1407008.0,2,30597.0,1,0,0,success,2.12833149578639,18,30,1368511.5395645758,2.7360512829652874
inst_18_first_instance_set_medium_2000_400_30,18,multi_p_median_benders,interchange_deactivate,2000,400,30,60.07099986076355,14.05299997329712,74.12399983406067,1437605.0,1414535.0,3,23070.0,0,2,1,success,1.6047523485241002,18,30,1368511.5395645758,3.2536105812457263
inst_2_first_instance_set_medium_2000_400_50,2,multi_p_median_benders,all_moves,2000,400,50,132.9060001373291,14.019999980926514,146.92600011825562,1169720.0,1133956.0,3,35764.0,2,1,1,success,3.0574838422870396,2,50,1072934.175878059,5.381322037357808
inst_2_first_instance_set_medium_2000_400_50,2,multi_p_median_benders,simple_interchange,2000,400,50,132.9060001373291,3.601999998092652,136.50800013542175,1169720.0,1135450.0,2,34270.0,1,1,0,success,2.92976096843689,2,50,1072934.175878059,5.505819201368718
inst_2_first_instance_set_medium_2000_400_50,2,multi_p_median_benders,simple_deactivate,2000,400,50,132.9060001373291,10.82800006866455,143.73400020599365,1169720.0,1139692.0,3,30028.0,2,0,1,success,2.56711007762541,2,50,1072934.175878059,5.8575320456703315
inst_2_first_instance_set_medium_2000_400_50,2,multi_p_median_benders,interchange_deactivate,2000,400,50,132.9060001373291,20.031999826431274,152.93799996376038,1169720.0,1139906.0,3,29814.0,0,2,1,success,2.54881510104982,2,50,1072934.175878059,5.875205861004426
inst_5_first_instance_set_medium_2000_400_30,5,multi_p_median_benders,all_moves,2000,400,30,120.08500003814696,5.795000076293945,125.88000011444092,1522049.0,1469892.0,3,52157.0,1,2,1,success,3.42676221330587,5,30,1388499.5910382594,5.537305391262797
inst_5_first_instance_set_medium_2000_400_30,5,multi_p_median_benders,simple_interchange,2000,400,30,120.08500003814696,1.6679999828338623,121.75300002098083,1522049.0,1472356.0,2,49693.0,1,1,0,success,3.26487517813158,5,30,1388499.5910382594,5.695389495593495
inst_5_first_instance_set_medium_2000_400_30,5,multi_p_median_benders,simple_deactivate,2000,400,30,120.08500003814696,3.1060001850128174,123.1910002231598,1522049.0,1472620.0,2,49429.0,1,0,1,success,3.2475301386486204,5,30,1388499.5910382594,5.712295701656949
inst_5_first_instance_set_medium_2000_400_30,5,multi_p_median_benders,interchange_deactivate,2000,400,30,120.08500003814696,17.66000008583069,137.74500012397766,1522049.0,1476248.0,3,45801.0,0,2,1,success,3.00916724757218,5,30,1388499.5910382594,5.944015433839067
inst_12_first_instance_set_medium_2000_400_30,12,multi_p_median_benders,all_moves,2000,400,30,305.79299998283386,4.992000102996826,310.7850000858307,1468918.0,1425732.0,3,43186.0,2,2,0,success,2.9399871197711502,12,30,1387980.9712760795,2.6478348472167608
inst_12_first_instance_set_medium_2000_400_30,12,multi_p_median_benders,simple_interchange,2000,400,30,305.79299998283386,3.200999975204468,308.9939999580384,1468918.0,1425732.0,3,43186.0,2,2,0,success,2.9399871197711502,12,30,1387980.9712760795,2.6478348472167608
inst_12_first_instance_set_medium_2000_400_30,12,multi_p_median_benders,simple_deactivate,2000,400,30,305.79299998283386,1.50600004196167,307.29900002479553,1468918.0,1431851.0,2,37067.0,1,0,0,success,2.52342200177273,12,30,1387980.9712760795,3.063868288245108
inst_12_first_instance_set_medium_2000_400_30,12,multi_p_median_benders,interchange_deactivate,2000,400,30,305.79299998283386,9.786999940872192,315.57999992370605,1468918.0,1436815.0,2,32103.0,0,1,0,success,2.18548618779264,12,30,1387980.9712760795,3.3987694117837344
inst_22_first_instance_set_medium_2000_400_40,22,multi_p_median_benders,all_moves,2000,400,40,105.50999999046326,9.78600001335144,115.2960000038147,1277980.0,1246412.0,3,31568.0,2,2,1,success,2.47014820263227,22,40,1205023.4307126706,3.3206170421441263
inst_22_first_instance_set_medium_2000_400_40,22,multi_p_median_benders,simple_interchange,2000,400,40,105.50999999046326,3.539999961853028,109.04999995231628,1277980.0,1249438.0,2,28542.0,1,1,0,success,2.23336828432369,22,40,1205023.4307126706,3.5547637647749983
inst_22_first_instance_set_medium_2000_400_40,22,multi_p_median_benders,simple_deactivate,2000,400,40,105.50999999046326,2.575000047683716,108.08500003814696,1277980.0,1253767.0,2,24213.0,1,0,0,success,1.8946305888981,22,40,1205023.4307126706,3.887769361239325
inst_22_first_instance_set_medium_2000_400_40,22,multi_p_median_benders,interchange_deactivate,2000,400,40,105.50999999046326,21.92300009727478,127.43300008773804,1277980.0,1252933.0,3,25047.0,0,2,1,success,1.9598898261318598,22,40,1205023.4307126706,3.823793394166284
inst_3_first_instance_set_medium_2000_400_40,3,multi_p_median_benders,all_moves,2000,400,40,100.96600008010864,7.7270002365112305,108.69300031661987,1249787.0,1224585.0,3,25202.0,2,2,0,success,2.01650361221552,3,40,1185153.6560332666,3.2199760708103917
inst_3_first_instance_set_medium_2000_400_40,3,multi_p_median_benders,simple_interchange,2000,400,40,100.96600008010864,3.944999933242798,104.91100001335144,1249787.0,1224585.0,3,25202.0,2,2,0,success,2.01650361221552,3,40,1185153.6560332666,3.2199760708103917
inst_3_first_instance_set_medium_2000_400_40,3,multi_p_median_benders,simple_deactivate,2000,400,40,100.96600008010864,2.61899995803833,103.58500003814696,1249787.0,1229479.0,2,20308.0,1,0,0,success,1.6249168858373402,3,40,1185153.6560332666,3.6052135877663165
inst_3_first_instance_set_medium_2000_400_40,3,multi_p_median_benders,interchange_deactivate,2000,400,40,100.96600008010864,9.958000183105469,110.92400026321413,1249787.0,1231340.0,2,18447.0,0,1,0,success,1.4760115123617,3,40,1185153.6560332666,3.7509009669736573
inst_19_first_instance_set_medium_2000_400_30,19,multi_p_median_benders,all_moves,2000,400,30,220.33100008964536,5.7179999351501465,226.0490000247956,1466148.0,1430854.0,3,35294.0,2,2,0,success,2.40726038571822,19,30,1377638.034418944,3.7191750927107843
inst_19_first_instance_set_medium_2000_400_30,19,multi_p_median_benders,simple_interchange,2000,400,30,220.33100008964536,3.686000108718872,224.01700019836423,1466148.0,1430854.0,3,35294.0,2,2,0,success,2.40726038571822,19,30,1377638.034418944,3.7191750927107843
inst_19_first_instance_set_medium_2000_400_30,19,multi_p_median_benders,simple_deactivate,2000,400,30,220.33100008964536,2.594000101089477,222.9250001907349,1466148.0,1434365.0,3,31783.0,2,0,1,success,2.16778933641078,19,30,1377638.034418944,3.9548487017639142
inst_19_first_instance_set_medium_2000_400_30,19,multi_p_median_benders,interchange_deactivate,2000,400,30,220.33100008964536,10.059000015258787,230.39000010490412,1466148.0,1439397.0,2,26751.0,0,1,0,success,1.8245770549767102,19,30,1377638.034418944,4.290613748747285
inst_24_first_instance_set_medium_2000_400_40,24,multi_p_median_benders,all_moves,2000,400,40,73.84099984169006,12.660000085830688,86.50099992752075,1296910.0,1249379.0,3,47531.0,2,2,1,success,3.6649420545758695,24,40,1194288.6590115544,4.409417877877375
inst_24_first_instance_set_medium_2000_400_40,24,multi_p_median_benders,simple_interchange,2000,400,40,73.84099984169006,3.705999851226807,77.54699969291687,1296910.0,1251751.0,2,45159.0,1,1,0,success,3.4820457857522804,24,40,1194288.6590115544,4.590556827072282
inst_24_first_instance_set_medium_2000_400_40,24,multi_p_median_benders,simple_deactivate,2000,400,40,73.84099984169006,7.514999866485596,81.35599970817566,1296910.0,1255801.0,3,41109.0,2,0,1,success,3.16976505694304,24,40,1194288.6590115544,4.898255455159341
inst_24_first_instance_set_medium_2000_400_40,24,multi_p_median_benders,interchange_deactivate,2000,400,40,73.84099984169006,17.228999853134155,91.06999969482422,1296910.0,1257187.0,3,39723.0,0,2,1,success,3.06289565197276,24,40,1194288.6590115544,5.003101446995997
inst_7_first_instance_set_medium_2000_400_30,7,multi_p_median_benders,all_moves,2000,400,30,207.59800004959104,5.310999870300293,212.90899991989136,1468298.0,1432647.0,3,35651.0,2,1,0,success,2.42804934693093,7,30,1387492.339375543,3.1518343754223515
inst_7_first_instance_set_medium_2000_400_30,7,multi_p_median_benders,simple_interchange,2000,400,30,207.59800004959104,2.8559999465942383,210.4539999961853,1468298.0,1432647.0,3,35651.0,2,1,0,success,2.42804934693093,7,30,1387492.339375543,3.1518343754223515
inst_7_first_instance_set_medium_2000_400_30,7,multi_p_median_benders,simple_deactivate,2000,400,30,207.59800004959104,1.625,209.22300004959104,1468298.0,1437332.0,2,30966.0,1,0,0,success,2.10897242930249,7,30,1387492.339375543,3.467512072677507
inst_7_first_instance_set_medium_2000_400_30,7,multi_p_median_benders,interchange_deactivate,2000,400,30,207.59800004959104,11.010999917984009,218.60899996757507,1468298.0,1434280.0,3,34018.0,0,2,1,success,2.3168321417042,7,30,1387492.339375543,3.2621008885613025
inst_20_first_instance_set_medium_2000_400_40,20,multi_p_median_benders,all_moves,2000,400,40,67.75,9.075000047683716,76.82500004768372,1276759.0,1229458.0,2,47301.0,1,1,0,success,3.70477122150695,20,40,1184673.2237039965,3.6426438557481013
inst_20_first_instance_set_medium_2000_400_40,20,multi_p_median_benders,simple_interchange,2000,400,40,67.75,4.4049999713897705,72.15499997138977,1276759.0,1229458.0,2,47301.0,1,1,0,success,3.70477122150695,20,40,1184673.2237039965,3.6426438557481013
inst_20_first_instance_set_medium_2000_400_40,20,multi_p_median_benders,simple_deactivate,2000,400,40,67.75,4.79800009727478,72.54800009727478,1276759.0,1237482.0,2,39277.0,1,0,0,success,3.07630492520514,20,40,1184673.2237039965,4.267437934127809
inst_20_first_instance_set_medium_2000_400_40,20,multi_p_median_benders,interchange_deactivate,2000,400,40,67.75,14.680000066757202,82.4300000667572,1276759.0,1231462.0,3,45297.0,0,2,1,success,3.54781129406567,20,40,1184673.2237039965,3.7994494589360848
inst_5_first_instance_set_medium_2000_400_40,5,multi_p_median_benders,all_moves,2000,400,40,103.16599988937378,9.586000204086304,112.75200009346008,1313077.0,1273444.0,3,39633.0,2,2,1,success,3.01833022739717,5,40,1205904.4796108203,5.303689866941907
inst_5_first_instance_set_medium_2000_400_40,5,multi_p_median_benders,simple_interchange,2000,400,40,103.16599988937378,2.921999931335449,106.08799982070924,1313077.0,1274749.0,3,38328.0,2,2,0,success,2.91894534745487,5,40,1205904.4796108203,5.400633410120713
inst_5_first_instance_set_medium_2000_400_40,5,multi_p_median_benders,simple_deactivate,2000,400,40,103.16599988937378,1.6519999504089355,104.81799983978271,1313077.0,1279590.0,2,33487.0,1,0,0,success,2.55026932921679,5,40,1205904.4796108203,5.758525808202604
inst_5_first_instance_set_medium_2000_400_40,5,multi_p_median_benders,interchange_deactivate,2000,400,40,103.16599988937378,10.5,113.66599988937378,1313077.0,1283882.0,2,29195.0,0,1,0,success,2.2234035018509903,5,40,1205904.4796108203,6.0735737699554715
inst_6_first_instance_set_medium_2000_400_40,6,multi_p_median_benders,all_moves,2000,400,40,189.33899998664856,14.61299991607666,203.9519999027252,1335600.0,1283816.0,4,51784.0,3,3,2,success,3.8772087451332697,6,40,1209319.0367212903,5.802775731001146
inst_6_first_instance_set_medium_2000_400_40,6,multi_p_median_benders,simple_interchange,2000,400,40,189.33899998664856,4.120000123977661,193.45900011062625,1335600.0,1293213.0,3,42387.0,2,2,0,success,3.1736298292901997,6,40,1209319.0367212903,6.487250227047646
inst_6_first_instance_set_medium_2000_400_40,6,multi_p_median_benders,simple_deactivate,2000,400,40,189.33899998664856,8.550000190734863,197.88900017738345,1335600.0,1296672.0,3,38928.0,2,0,1,success,2.9146451033243403,6,40,1209319.0367212903,6.736704677721867
inst_6_first_instance_set_medium_2000_400_40,6,multi_p_median_benders,interchange_deactivate,2000,400,40,189.33899998664856,13.01699995994568,202.35599994659424,1335600.0,1301676.0,2,33924.0,0,1,1,success,2.53998203054806,6,40,1209319.0367212903,7.095234396171526
inst_21_first_instance_set_medium_2000_400_40,21,multi_p_median_benders,all_moves,2000,400,40,90.75300002098083,7.643999814987183,98.39699983596802,1282462.0,1241538.0,3,40924.0,2,1,0,success,3.1910497153132003,21,40,1200657.9277770445,3.2926960127644525
inst_21_first_instance_set_medium_2000_400_40,21,multi_p_median_benders,simple_interchange,2000,400,40,90.75300002098083,3.4140000343322754,94.16700005531312,1282462.0,1241538.0,3,40924.0,2,1,0,success,3.1910497153132003,21,40,1200657.9277770445,3.2926960127644525
inst_21_first_instance_set_medium_2000_400_40,21,multi_p_median_benders,simple_deactivate,2000,400,40,90.75300002098083,2.977999925613404,93.73099994659424,1282462.0,1249567.0,2,32895.0,1,0,0,success,2.5649882803545,21,40,1200657.9277770445,3.914081615708123
inst_21_first_instance_set_medium_2000_400_40,21,multi_p_median_benders,interchange_deactivate,2000,400,40,90.75300002098083,10.70300006866455,101.4560000896454,1282462.0,1249015.0,2,33447.0,0,1,0,success,2.6080304913517898,21,40,1200657.9277770445,3.8716166117264827
inst_16_first_instance_set_medium_2000_400_50,16,multi_p_median_benders,all_moves,2000,400,50,150.31499981880188,11.179999828338625,161.4949996471405,1200647.0,1146492.0,3,54155.0,2,2,1,success,4.510484763631601,16,50,1076366.8381588652,6.116498138768938
inst_16_first_instance_set_medium_2000_400_50,16,multi_p_median_benders,simple_interchange,2000,400,50,150.31499981880188,5.629000186920166,155.94400000572205,1200647.0,1148099.0,3,52548.0,2,2,0,success,4.37664026145903,16,50,1076366.8381588652,6.247907353036173
inst_16_first_instance_set_medium_2000_400_50,16,multi_p_median_benders,simple_deactivate,2000,400,50,150.31499981880188,2.0239999294281006,152.33899974822998,1200647.0,1162178.0,2,38469.0,1,0,0,success,3.20402249786989,16,50,1076366.8381588652,7.383650511465091
inst_16_first_instance_set_medium_2000_400_50,16,multi_p_median_benders,interchange_deactivate,2000,400,50,150.31499981880188,16.381999969482422,166.6969997882843,1200647.0,1155733.0,3,44914.0,0,2,1,success,3.7408164098190295,16,50,1076366.8381588652,6.86717103700723
inst_12_first_instance_set_medium_2000_400_40,12,multi_p_median_benders,all_moves,2000,400,40,84.92799997329712,10.582000017166138,95.50999999046326,1279280.0,1243058.0,3,36222.0,2,2,0,success,2.83143643299355,12,40,1200607.0762748595,3.415039662279677
inst_12_first_instance_set_medium_2000_400_40,12,multi_p_median_benders,simple_interchange,2000,400,40,84.92799997329712,5.861999988555908,90.78999996185304,1279280.0,1243058.0,3,36222.0,2,2,0,success,2.83143643299355,12,40,1200607.0762748595,3.415039662279677
inst_12_first_instance_set_medium_2000_400_40,12,multi_p_median_benders,simple_deactivate,2000,400,40,84.92799997329712,3.075000047683716,88.00300002098083,1279280.0,1254148.0,2,25132.0,1,0,0,success,1.96454255518729,12,40,1200607.0762748595,4.269107292372233
inst_12_first_instance_set_medium_2000_400_40,12,multi_p_median_benders,interchange_deactivate,2000,400,40,84.92799997329712,17.598999977111816,102.52699995040894,1279280.0,1249093.0,3,30187.0,0,2,1,success,2.35968669876805,12,40,1200607.0762748595,3.8816904526036504
inst_2_first_instance_set_medium_2000_400_40,2,multi_p_median_benders,all_moves,2000,400,40,126.53799986839294,12.792999982833862,139.3309998512268,1272249.0,1237711.0,3,34538.0,2,2,1,success,2.7147201530518,2,40,1194829.7986030772,3.464556863187191
inst_2_first_instance_set_medium_2000_400_40,2,multi_p_median_benders,simple_interchange,2000,400,40,126.53799986839294,3.4060001373291016,129.94400000572205,1272249.0,1242870.0,3,29379.0,2,1,0,success,2.30921777104953,2,40,1194829.7986030772,3.86526357518669
inst_2_first_instance_set_medium_2000_400_40,2,multi_p_median_benders,simple_deactivate,2000,400,40,126.53799986839294,9.153000116348268,135.6909999847412,1272249.0,1244463.0,3,27786.0,2,0,1,success,2.18400643270303,2,40,1194829.7986030772,3.988322786368322
inst_2_first_instance_set_medium_2000_400_40,2,multi_p_median_benders,interchange_deactivate,2000,400,40,126.53799986839294,12.235999822616575,138.77399969100952,1272249.0,1251402.0,2,20847.0,0,1,0,success,1.6385943317699598,2,40,1194829.7986030772,4.520705688253879
